statistics_source,family,hypothesis_id,point_macro_mae_difference,point_pooled_mae_difference,valid_replicates,invalid_replicates,ci95_low,ci95_high,p_raw,p_adjusted,status,full_status,n_full_cohort,n_locked_common
core,E10_PRIMARY_SHARED_VS_INDEPENDENT,W00/S1_CONDITION/MTL_FULL_minus_STL_FULL,-0.13717938756702877,-0.09170792446028947,51.0,1949.0,,,,,CI_NOT_ESTIMABLE_INSUFFICIENT_VALID_REPLICATES,COMPUTED_FIXED_COMMON_COHORT,40479.0,40478.0
core,E10_PRIMARY_SHARED_VS_INDEPENDENT,W00/S2_COMBINATION/MTL_FULL_minus_STL_FULL,-0.11872181530629766,-0.1292731565483744,39.0,1961.0,,,,,CI_NOT_ESTIMABLE_INSUFFICIENT_VALID_REPLICATES,COMPUTED_FIXED_COMMON_COHORT,40494.0,40489.0
core,E10_PRIMARY_SHARED_VS_INDEPENDENT,W00/S3_PARENT/MTL_FULL_minus_STL_FULL,-0.05182965740775914,-0.029622356865883562,176.0,1824.0,,,,,CI_NOT_ESTIMABLE_INSUFFICIENT_VALID_REPLICATES,COMPUTED_FIXED_COMMON_COHORT,40430.0,40410.0
core,E10_PRIMARY_SHARED_VS_INDEPENDENT,M00/S1_CONDITION/MTL_FULL_minus_STL_FULL,-0.13555603192498136,-0.1201545391383543,2000.0,0.0,-0.16662627818399017,-0.10749209653673666,0.0009995002498750624,0.0059970014992503,ESTIMABLE,COMPUTED_FIXED_COMMON_COHORT,2176.0,2176.0
core,E10_PRIMARY_SHARED_VS_INDEPENDENT,M00/S2_COMBINATION/MTL_FULL_minus_STL_FULL,-0.15636957923793796,-0.1459525333830235,2000.0,0.0,-0.19696599089921432,-0.11969070309990933,0.0009995002498750624,0.0059970014992503,ESTIMABLE,COMPUTED_FIXED_COMMON_COHORT,2176.0,2176.0
core,E10_PRIMARY_SHARED_VS_INDEPENDENT,M00/S3_PARENT/MTL_FULL_minus_STL_FULL,-0.06689008995852225,-0.054518641292250446,2000.0,0.0,-0.1006628890081845,-0.03846451381016458,0.0009995002498750624,0.0059970014992503,ESTIMABLE,COMPUTED_FIXED_COMMON_COHORT,2177.0,2177.0
core,E10_SECONDARY_CONTEXT_AND_INTERACTION,W00/S1_CONDITION/MTL_FULL_minus_MTL_MOL,-0.1367130928987653,-0.2351761119028208,51.0,1949.0,,,,,CI_NOT_ESTIMABLE_INSUFFICIENT_VALID_REPLICATES,COMPUTED_FIXED_COMMON_COHORT,40479.0,40478.0
core,E10_SECONDARY_CONTEXT_AND_INTERACTION,W00/S1_CONDITION/STL_FULL_minus_STL_MOL,-0.0887983725420809,-0.16972309936884827,51.0,1949.0,,,,,CI_NOT_ESTIMABLE_INSUFFICIENT_VALID_REPLICATES,COMPUTED_FIXED_COMMON_COHORT,40479.0,40478.0
core,E10_SECONDARY_CONTEXT_AND_INTERACTION,W00/S1_CONDITION/sharing_context_interaction,-0.04791472035668438,-0.06545301253397257,51.0,1949.0,,,,,CI_NOT_ESTIMABLE_INSUFFICIENT_VALID_REPLICATES,COMPUTED_FIXED_COMMON_COHORT,40479.0,40478.0
core,E10_SECONDARY_CONTEXT_AND_INTERACTION,W00/S2_COMBINATION/MTL_FULL_minus_MTL_MOL,-0.12831417889268085,-0.24145884764727235,39.0,1961.0,,,,,CI_NOT_ESTIMABLE_INSUFFICIENT_VALID_REPLICATES,COMPUTED_FIXED_COMMON_COHORT,40494.0,40489.0
core,E10_SECONDARY_CONTEXT_AND_INTERACTION,W00/S2_COMBINATION/STL_FULL_minus_STL_MOL,-0.06682393811354263,-0.13270090151291597,39.0,1961.0,,,,,CI_NOT_ESTIMABLE_INSUFFICIENT_VALID_REPLICATES,COMPUTED_FIXED_COMMON_COHORT,40494.0,40489.0
core,E10_SECONDARY_CONTEXT_AND_INTERACTION,W00/S2_COMBINATION/sharing_context_interaction,-0.06149024077913821,-0.10875794613435635,39.0,1961.0,,,,,CI_NOT_ESTIMABLE_INSUFFICIENT_VALID_REPLICATES,COMPUTED_FIXED_COMMON_COHORT,40494.0,40489.0
core,E10_SECONDARY_CONTEXT_AND_INTERACTION,W00/S3_PARENT/MTL_FULL_minus_MTL_MOL,-0.08473534013551853,-0.12885747783605567,176.0,1824.0,,,,,CI_NOT_ESTIMABLE_INSUFFICIENT_VALID_REPLICATES,COMPUTED_FIXED_COMMON_COHORT,40430.0,40410.0
core,E10_SECONDARY_CONTEXT_AND_INTERACTION,W00/S3_PARENT/STL_FULL_minus_STL_MOL,-0.10645856360255103,-0.12218950138530457,176.0,1824.0,,,,,CI_NOT_ESTIMABLE_INSUFFICIENT_VALID_REPLICATES,COMPUTED_FIXED_COMMON_COHORT,40430.0,40410.0
core,E10_SECONDARY_CONTEXT_AND_INTERACTION,W00/S3_PARENT/sharing_context_interaction,0.02172322346703251,-0.006667976450751036,176.0,1824.0,,,,,CI_NOT_ESTIMABLE_INSUFFICIENT_VALID_REPLICATES,COMPUTED_FIXED_COMMON_COHORT,40430.0,40410.0
core,E10_SECONDARY_CONTEXT_AND_INTERACTION,M00/S1_CONDITION/MTL_FULL_minus_MTL_MOL,-0.16798016830055618,-0.1672744396915672,2000.0,0.0,-0.20102577986961642,-0.1355645824638677,0.0009995002498750624,0.0179910044977511,ESTIMABLE,COMPUTED_FIXED_COMMON_COHORT,2176.0,2176.0
core,E10_SECONDARY_CONTEXT_AND_INTERACTION,M00/S1_CONDITION/STL_FULL_minus_STL_MOL,-0.08858874437608011,-0.09633392677455055,2000.0,0.0,-0.11182789303998901,-0.06451713375594285,0.0009995002498750624,0.0179910044977511,ESTIMABLE,COMPUTED_FIXED_COMMON_COHORT,2176.0,2176.0
core,E10_SECONDARY_CONTEXT_AND_INTERACTION,M00/S1_CONDITION/sharing_context_interaction,-0.07939142392447605,-0.07094051291701663,2000.0,0.0,-0.1055772863254759,-0.05343117975041797,0.0009995002498750624,0.0179910044977511,ESTIMABLE,COMPUTED_FIXED_COMMON_COHORT,2176.0,2176.0
core,E10_SECONDARY_CONTEXT_AND_INTERACTION,M00/S2_COMBINATION/MTL_FULL_minus_MTL_MOL,-0.13773057400294064,-0.13847661195444919,2000.0,0.0,-0.18046364389584926,-0.09652557117783298,0.0009995002498750624,0.0179910044977511,ESTIMABLE,COMPUTED_FIXED_COMMON_COHORT,2176.0,2176.0
core,E10_SECONDARY_CONTEXT_AND_INTERACTION,M00/S2_COMBINATION/STL_FULL_minus_STL_MOL,-0.047832800314192965,-0.05647420876180013,2000.0,0.0,-0.08299134705085182,-0.019739208217240217,0.0029985007496251873,0.032983508245877,ESTIMABLE,COMPUTED_FIXED_COMMON_COHORT,2176.0,2176.0
core,E10_SECONDARY_CONTEXT_AND_INTERACTION,M00/S2_COMBINATION/sharing_context_interaction,-0.08989777368874768,-0.08200240319264906,2000.0,0.0,-0.12349168512538496,-0.05307870302323277,0.0009995002498750624,0.0179910044977511,ESTIMABLE,COMPUTED_FIXED_COMMON_COHORT,2176.0,2176.0
core,E10_SECONDARY_CONTEXT_AND_INTERACTION,M00/S3_PARENT/MTL_FULL_minus_MTL_MOL,-0.07504581168989845,-0.08208963719443921,2000.0,0.0,-0.11559901129126242,-0.03992248881581814,0.0009995002498750624,0.0179910044977511,ESTIMABLE,COMPUTED_FIXED_COMMON_COHORT,2177.0,2177.0
core,E10_SECONDARY_CONTEXT_AND_INTERACTION,M00/S3_PARENT/STL_FULL_minus_STL_MOL,-0.05346526292909384,-0.0627106327658227,2000.0,0.0,-0.08275183552558009,-0.02753744202083562,0.0009995002498750624,0.0179910044977511,ESTIMABLE,COMPUTED_FIXED_COMMON_COHORT,2177.0,2177.0
core,E10_SECONDARY_CONTEXT_AND_INTERACTION,M00/S3_PARENT/sharing_context_interaction,-0.021580548760804594,-0.019379004428616474,2000.0,0.0,-0.04245656379529631,-0.0019230699389446214,0.03798100949525238,0.3798100949525237,ESTIMABLE,COMPUTED_FIXED_COMMON_COHORT,2177.0,2177.0
core,E70_SOURCE_HOLDOUT,W00/S_SOURCE/MTL_FULL_minus_STL_FULL,-0.07323885190482739,-0.038556918420828847,35.0,1965.0,,,,,CI_NOT_ESTIMABLE_INSUFFICIENT_VALID_REPLICATES,COMPUTED_FIXED_COMMON_COHORT,40485.0,40485.0
core,E70_SOURCE_HOLDOUT,M00/S_SOURCE/MTL_FULL_minus_STL_FULL,-0.09046566843809004,-0.07587745485631145,2000.0,0.0,-0.12987898104841697,-0.057166174483945516,0.0009995002498750624,0.0019990004997501,ESTIMABLE,COMPUTED_FIXED_COMMON_COHORT,2176.0,2176.0
sensitivity,E30_CENSOR,W00/S3_PARENT/C1_minus_C0,0.025488134296887555,0.02464202025607383,40.0,1960.0,,,,,CI_NOT_ESTIMABLE_INSUFFICIENT_VALID_REPLICATES,COMPUTED_FIXED_COMMON_COHORT,37523.0,37505.0
sensitivity,E30_CENSOR,W00/S3_PARENT/C2_minus_C1,0.00969677077017134,0.023010107205900625,40.0,1960.0,,,,,CI_NOT_ESTIMABLE_INSUFFICIENT_VALID_REPLICATES,COMPUTED_FIXED_COMMON_COHORT,37523.0,37505.0
sensitivity,E30_CENSOR,M00/S3_PARENT/C1_minus_C0,-0.0042587576447479895,-0.002887349133139629,2000.0,0.0,-0.01163101016235428,0.003675410050435491,0.2888555722138931,0.8665667166416793,ESTIMABLE,COMPUTED_FIXED_COMMON_COHORT,2084.0,2084.0
sensitivity,E30_CENSOR,M00/S3_PARENT/C2_minus_C1,0.03081314542099069,0.02798036297827324,2000.0,0.0,-0.001653437339501997,0.07063593221744886,0.05897051474262868,0.2358820589705147,ESTIMABLE,COMPUTED_FIXED_COMMON_COHORT,2084.0,2084.0
sensitivity,E31_TRAIN_ONLY_QC,W00/S3_PARENT/B_TRAIN_ONLY_QC_minus_A_KEEP,0.014233033977028854,0.018550064883068443,53.0,1947.0,,,,,CI_NOT_ESTIMABLE_INSUFFICIENT_VALID_REPLICATES,COMPUTED_FIXED_COMMON_COHORT,37622.0,37604.0
sensitivity,E31_TRAIN_ONLY_QC,M00/S3_PARENT/B_TRAIN_ONLY_QC_minus_A_KEEP,-0.003621274834099426,-0.005408323437697562,2000.0,0.0,-0.024893177652308994,0.012571262265871637,0.6606696651674163,1.0,ESTIMABLE,COMPUTED_FIXED_COMMON_COHORT,2089.0,2089.0
sensitivity,E40_FINGERPRINT,W00/S3_PARENT/FP2048_minus_FP512,-0.014634156492462783,-0.03457918666936025,176.0,1824.0,,,,,CI_NOT_ESTIMABLE_INSUFFICIENT_VALID_REPLICATES,COMPUTED_FIXED_COMMON_COHORT,40430.0,40410.0
sensitivity,E40_FINGERPRINT,M00/S3_PARENT/FP2048_minus_FP512,0.019363898293467782,0.030820697377303825,2000.0,0.0,-0.021833931972224246,0.059187766783735545,0.41179410294852575,0.8235882058970515,ESTIMABLE,COMPUTED_FIXED_COMMON_COHORT,2177.0,2177.0
sensitivity,E50_TAXONOMY,W00/S3_PARENT/identity_only_minus_full,0.01893269148427436,0.04095082165958695,176.0,1824.0,,,,,CI_NOT_ESTIMABLE_INSUFFICIENT_VALID_REPLICATES,COMPUTED_FIXED_COMMON_COHORT,40430.0,40410.0
sensitivity,E50_TAXONOMY,M00/S3_PARENT/identity_only_minus_full,0.03207886522774957,0.026175224882126102,2000.0,0.0,0.012121478275436161,0.057250818924210314,0.00399800099950025,0.0079960019990005,ESTIMABLE,COMPUTED_FIXED_COMMON_COHORT,2177.0,2177.0
sensitivity,E51_CONDITION_FIELDS,W00/S1_CONDITION/no_time_effect_minus_full,0.031135277728010998,0.02509594852321886,51.0,1949.0,,,,,CI_NOT_ESTIMABLE_INSUFFICIENT_VALID_REPLICATES,COMPUTED_FIXED_COMMON_COHORT,40479.0,40478.0
sensitivity,E51_CONDITION_FIELDS,M00/S1_CONDITION/no_time_effect_minus_full,0.017929075320023902,0.020484381752645463,2000.0,0.0,0.006606440455709272,0.027808787882017627,0.0029985007496251873,0.0059970014992503,ESTIMABLE,COMPUTED_FIXED_COMMON_COHORT,2176.0,2176.0
