route,split_id,target_scale,model,cohort_scope,n_cohort,n_predicted,n_unestimated,coverage,n_heads,n_parents,identity_sha256,pooled_mae,pooled_rmse,pooled_r2,n_negative_r2_heads,source_run_id,task_macro_mae,median_task_mae,n_defined_task_mae,task_macro_rmse,median_task_rmse,n_defined_task_rmse,task_macro_r2,median_task_r2,n_defined_task_r2
M00,S1_CONDITION,neg_log10_mol_kg,MTL_FULL,full,2176,2176,0,1.0,16,363,5418f9cdeb0f578e32dbb7c54261cad33dacd89e16a442fab4a831f5d21adc40,0.628326940472438,0.8511880377178009,0.6279725706160163,0,b6b89fac0765c8c68f2f9383,0.6597334892915905,0.6533504126755856,16,0.883143626470258,0.8998575224728006,16,0.5758300586129864,0.6123565511674727,16
M00,S1_CONDITION,neg_log10_mol_kg,MTL_FULL,locked_common,2176,2176,0,1.0,16,363,5418f9cdeb0f578e32dbb7c54261cad33dacd89e16a442fab4a831f5d21adc40,0.628326940472438,0.8511880377178009,0.6279725706160163,0,b6b89fac0765c8c68f2f9383,0.6597334892915905,0.6533504126755856,16,0.883143626470258,0.8998575224728006,16,0.5758300586129864,0.6123565511674727,16
M00,S1_CONDITION,neg_log10_mol_kg,MTL_MOL,full,2176,2176,0,1.0,16,363,5418f9cdeb0f578e32dbb7c54261cad33dacd89e16a442fab4a831f5d21adc40,0.7956013801640052,1.0839928206856992,0.39663967368787134,0,db8704f6fa421872333c11ab,0.8277136575921469,0.8205009299697796,16,1.1140286799161427,1.100334126802599,16,0.33558749170557234,0.32531816072901515,16
M00,S1_CONDITION,neg_log10_mol_kg,MTL_MOL,locked_common,2176,2176,0,1.0,16,363,5418f9cdeb0f578e32dbb7c54261cad33dacd89e16a442fab4a831f5d21adc40,0.7956013801640052,1.0839928206856992,0.39663967368787134,0,db8704f6fa421872333c11ab,0.8277136575921469,0.8205009299697796,16,1.1140286799161427,1.100334126802599,16,0.33558749170557234,0.32531816072901515,16
M00,S1_CONDITION,neg_log10_mol_kg,STL_FULL,full,2176,2176,0,1.0,16,363,5418f9cdeb0f578e32dbb7c54261cad33dacd89e16a442fab4a831f5d21adc40,0.7484814796107924,1.0186107054720077,0.46722920416073,0,e3579741964f5aa4bb0c1a33,0.7952895212165719,0.8219626157906825,16,1.0624450862950703,1.0831932837680307,16,0.3930067170450486,0.42331160352481406,16
M00,S1_CONDITION,neg_log10_mol_kg,STL_FULL,locked_common,2176,2176,0,1.0,16,363,5418f9cdeb0f578e32dbb7c54261cad33dacd89e16a442fab4a831f5d21adc40,0.7484814796107924,1.0186107054720077,0.46722920416073,0,e3579741964f5aa4bb0c1a33,0.7952895212165719,0.8219626157906825,16,1.0624450862950703,1.0831932837680307,16,0.3930067170450486,0.42331160352481406,16
M00,S1_CONDITION,neg_log10_mol_kg,STL_MOL,full,2176,2176,0,1.0,16,363,5418f9cdeb0f578e32dbb7c54261cad33dacd89e16a442fab4a831f5d21adc40,0.8448154063853428,1.1446546110980456,0.3272203254775722,0,0b9f54f6be36bc59edb5930c,0.883878265592652,0.8838064676760458,16,1.1748084072128164,1.2002239029894666,16,0.2668403983955887,0.24008009203896402,16
M00,S1_CONDITION,neg_log10_mol_kg,STL_MOL,locked_common,2176,2176,0,1.0,16,363,5418f9cdeb0f578e32dbb7c54261cad33dacd89e16a442fab4a831f5d21adc40,0.8448154063853428,1.1446546110980456,0.3272203254775722,0,0b9f54f6be36bc59edb5930c,0.883878265592652,0.8838064676760458,16,1.1748084072128164,1.2002239029894666,16,0.2668403983955887,0.24008009203896402,16
M00,S2_COMBINATION,neg_log10_mol_kg,MTL_FULL,full,2176,2176,0,1.0,16,344,9d96620a71ca88b9ebf0ef0694a9036a86fb75d07db36d6a21de6ce6c6bcd5f8,0.6783649783728122,0.9334240757175165,0.5365537746910454,0,95d79eeeb85287536ae14da4,0.6914737366058905,0.6736352180393488,16,0.9305647520775514,0.9415938946559108,16,0.49675148528878654,0.5577765861885866,16
M00,S2_COMBINATION,neg_log10_mol_kg,MTL_FULL,locked_common,2176,2176,0,1.0,16,344,9d96620a71ca88b9ebf0ef0694a9036a86fb75d07db36d6a21de6ce6c6bcd5f8,0.6783649783728122,0.9334240757175165,0.5365537746910454,0,95d79eeeb85287536ae14da4,0.6914737366058905,0.6736352180393488,16,0.9305647520775514,0.9415938946559108,16,0.49675148528878654,0.5577765861885866,16
M00,S2_COMBINATION,neg_log10_mol_kg,MTL_MOL,full,2176,2176,0,1.0,16,344,9d96620a71ca88b9ebf0ef0694a9036a86fb75d07db36d6a21de6ce6c6bcd5f8,0.8168415903272614,1.105239851987897,0.350237827119654,0,a4aec47aa40ccd8748806c22,0.8292043106088312,0.8331591720412541,16,1.102548437343456,1.1356097179375484,16,0.30738638967302245,0.3505006125936469,16
M00,S2_COMBINATION,neg_log10_mol_kg,MTL_MOL,locked_common,2176,2176,0,1.0,16,344,9d96620a71ca88b9ebf0ef0694a9036a86fb75d07db36d6a21de6ce6c6bcd5f8,0.8168415903272614,1.105239851987897,0.350237827119654,0,a4aec47aa40ccd8748806c22,0.8292043106088312,0.8331591720412541,16,1.102548437343456,1.1356097179375484,16,0.30738638967302245,0.3505006125936469,16
M00,S2_COMBINATION,neg_log10_mol_kg,STL_FULL,full,2176,2176,0,1.0,16,344,9d96620a71ca88b9ebf0ef0694a9036a86fb75d07db36d6a21de6ce6c6bcd5f8,0.8243175117558357,1.1017128768322846,0.3543781745325305,0,8b57e6cf4848de813e0ecf65,0.8478433158438284,0.8473526962272324,16,1.1143422183670058,1.146428194229419,16,0.28994073016468913,0.2820156215048729,16
M00,S2_COMBINATION,neg_log10_mol_kg,STL_FULL,locked_common,2176,2176,0,1.0,16,344,9d96620a71ca88b9ebf0ef0694a9036a86fb75d07db36d6a21de6ce6c6bcd5f8,0.8243175117558357,1.1017128768322846,0.3543781745325305,0,8b57e6cf4848de813e0ecf65,0.8478433158438284,0.8473526962272324,16,1.1143422183670058,1.146428194229419,16,0.28994073016468913,0.2820156215048729,16
M00,S2_COMBINATION,neg_log10_mol_kg,STL_MOL,full,2176,2176,0,1.0,16,344,9d96620a71ca88b9ebf0ef0694a9036a86fb75d07db36d6a21de6ce6c6bcd5f8,0.8807917205176359,1.1772932824402518,0.26275695470166094,1,752bc90a4150990bb5e2ac85,0.8956761161580213,0.9039029311465823,16,1.176095997766513,1.2092220848671644,16,0.2144857191601533,0.26444592504948194,16
M00,S2_COMBINATION,neg_log10_mol_kg,STL_MOL,locked_common,2176,2176,0,1.0,16,344,9d96620a71ca88b9ebf0ef0694a9036a86fb75d07db36d6a21de6ce6c6bcd5f8,0.8807917205176359,1.1772932824402518,0.26275695470166094,1,752bc90a4150990bb5e2ac85,0.8956761161580213,0.9039029311465823,16,1.176095997766513,1.2092220848671644,16,0.2144857191601533,0.26444592504948194,16
M00,S3_PARENT,neg_log10_mol_kg,MTL_FULL,full,2177,2177,0,1.0,16,115,8a21f9bd0ba4edbcb91e74f5c2920757472d7ff06f29dffaf613db14b2fa9681,0.8914680077856555,1.1478738295413196,0.31507998825719197,0,9c98fed3f8a06a5b3b6692c9,0.9225125012839137,0.9649579100429144,16,1.175538407386551,1.1944463381148505,16,0.24142421513543214,0.22810530074175522,16
M00,S3_PARENT,neg_log10_mol_kg,MTL_FULL,locked_common,2177,2177,0,1.0,16,115,8a21f9bd0ba4edbcb91e74f5c2920757472d7ff06f29dffaf613db14b2fa9681,0.8914680077856555,1.1478738295413196,0.31507998825719197,0,9c98fed3f8a06a5b3b6692c9,0.9225125012839137,0.9649579100429144,16,1.175538407386551,1.1944463381148505,16,0.24142421513543214,0.22810530074175522,16
M00,S3_PARENT,neg_log10_mol_kg,MTL_MOL,full,2177,2177,0,1.0,16,115,8a21f9bd0ba4edbcb91e74f5c2920757472d7ff06f29dffaf613db14b2fa9681,0.9735576449800944,1.24197499274828,0.19817932708887587,1,5e7c3f81fc20d11573025ff7,0.9975583129738121,0.9940104726909773,16,1.2671045575584194,1.2728326055178298,16,0.12032328853433276,0.12001715286816123,16
M00,S3_PARENT,neg_log10_mol_kg,MTL_MOL,locked_common,2177,2177,0,1.0,16,115,8a21f9bd0ba4edbcb91e74f5c2920757472d7ff06f29dffaf613db14b2fa9681,0.9735576449800944,1.24197499274828,0.19817932708887587,1,5e7c3f81fc20d11573025ff7,0.9975583129738121,0.9940104726909773,16,1.2671045575584194,1.2728326055178298,16,0.12032328853433276,0.12001715286816123,16
M00,S3_PARENT,neg_log10_mol_kg,STL_FULL,full,2177,2177,0,1.0,16,115,8a21f9bd0ba4edbcb91e74f5c2920757472d7ff06f29dffaf613db14b2fa9681,0.9459866490779061,1.205454309382846,0.24464161559219144,2,a55d5b8806598a20b75992b4,0.989402591242436,1.0182078932436545,16,1.2446583671827969,1.2647282879389887,16,0.14996561050684049,0.13950534781460933,16
M00,S3_PARENT,neg_log10_mol_kg,STL_FULL,locked_common,2177,2177,0,1.0,16,115,8a21f9bd0ba4edbcb91e74f5c2920757472d7ff06f29dffaf613db14b2fa9681,0.9459866490779061,1.205454309382846,0.24464161559219144,2,a55d5b8806598a20b75992b4,0.989402591242436,1.0182078932436545,16,1.2446583671827969,1.2647282879389887,16,0.14996561050684049,0.13950534781460933,16
M00,S3_PARENT,neg_log10_mol_kg,STL_MOL,full,2177,2177,0,1.0,16,115,8a21f9bd0ba4edbcb91e74f5c2920757472d7ff06f29dffaf613db14b2fa9681,1.0086972818437285,1.2710704007038371,0.16017121214470054,4,c652319dc5ac0c2721da5d21,1.04286785417153,1.0560350017516438,16,1.309268679450238,1.3406481737640568,16,0.0605722751809695,0.0771960308936499,16
M00,S3_PARENT,neg_log10_mol_kg,STL_MOL,locked_common,2177,2177,0,1.0,16,115,8a21f9bd0ba4edbcb91e74f5c2920757472d7ff06f29dffaf613db14b2fa9681,1.0086972818437285,1.2710704007038371,0.16017121214470054,4,c652319dc5ac0c2721da5d21,1.04286785417153,1.0560350017516438,16,1.309268679450238,1.3406481737640568,16,0.0605722751809695,0.0771960308936499,16
M00,S_SOURCE,neg_log10_mol_kg,MTL_FULL,full,2176,2176,0,1.0,16,305,933656050d5b0c317226ba8181b86a1ed57cab7d41d422d465bf83318d51011e,0.651549339109523,0.9001220490396168,0.5733731340237945,0,292e7549208b0951a1f395c2,0.6663553297391515,0.6516271159074106,16,0.9087787624231367,0.8726013275440222,16,0.5159066134205448,0.5670119224403333,16
M00,S_SOURCE,neg_log10_mol_kg,MTL_FULL,locked_common,2176,2176,0,1.0,16,305,933656050d5b0c317226ba8181b86a1ed57cab7d41d422d465bf83318d51011e,0.651549339109523,0.9001220490396168,0.5733731340237945,0,292e7549208b0951a1f395c2,0.6663553297391515,0.6516271159074106,16,0.9087787624231367,0.8726013275440222,16,0.5159066134205448,0.5670119224403333,16
M00,S_SOURCE,neg_log10_mol_kg,STL_FULL,full,2176,2176,0,1.0,16,305,933656050d5b0c317226ba8181b86a1ed57cab7d41d422d465bf83318d51011e,0.7274267939658344,0.9995466815738078,0.4739202757698333,0,ddf3ef982b9a5a8dfadedcff,0.7568209981772416,0.7796569592528049,16,1.020542340269665,1.0424993442910186,16,0.4020719898878203,0.44918280674390315,16
M00,S_SOURCE,neg_log10_mol_kg,STL_FULL,locked_common,2176,2176,0,1.0,16,305,933656050d5b0c317226ba8181b86a1ed57cab7d41d422d465bf83318d51011e,0.7274267939658344,0.9995466815738078,0.4739202757698333,0,ddf3ef982b9a5a8dfadedcff,0.7568209981772416,0.7796569592528049,16,1.020542340269665,1.0424993442910186,16,0.4020719898878203,0.44918280674390315,16
W00,S1_CONDITION,neg_log10_mol_l,MTL_FULL,full,40479,40479,0,1.0,100,2988,fc11878033b7dd0a3d48453aabe1c55e22ca679563e67bfb1f97cec1e60c85ab,0.6911362810083587,0.9606821449952473,0.7582325598898749,22,9f7cc023b2075b648d7b7191,0.7326495995139922,0.6623373354017705,100,0.9629539914937966,0.900993240754896,100,-2.0152683034781176,0.6729581786075581,95
W00,S1_CONDITION,neg_log10_mol_l,MTL_FULL,locked_common,40478,40478,0,1.0,99,2988,590b6f64a49ddedcf93e3722c7e015a52fe876d6958c3f1475d373def40269f6,0.6911233965880651,0.9606751031562633,0.7582376191109954,22,9f7cc023b2075b648d7b7191,0.7278008899570051,0.662316467492468,99,0.9604315889265046,0.8981372556459775,99,-2.0152683034781176,0.6729581786075581,95
W00,S1_CONDITION,neg_log10_mol_l,MTL_MOL,full,40479,40479,0,1.0,100,2988,fc11878033b7dd0a3d48453aabe1c55e22ca679563e67bfb1f97cec1e60c85ab,0.9263059920626733,1.2474497523426478,0.5923527694348782,20,b5dcec7210dffbbeaa851702,0.8677563231359116,0.8721361694571566,100,1.1253181660370049,1.1406035512847725,100,-0.9747688249357686,0.42658185174505614,95
W00,S1_CONDITION,neg_log10_mol_l,MTL_MOL,locked_common,40478,40478,0,1.0,99,2988,590b6f64a49ddedcf93e3722c7e015a52fe876d6958c3f1475d373def40269f6,0.9262995084908859,1.247451168433692,0.5923543982635873,20,b5dcec7210dffbbeaa851702,0.8645139828557704,0.872110719682031,99,1.1246774605336423,1.1395462830959247,99,-0.9747688249357686,0.42658185174505614,95
W00,S1_CONDITION,neg_log10_mol_l,STL_FULL,full,40479,40479,0,1.0,100,2988,fc11878033b7dd0a3d48453aabe1c55e22ca679563e67bfb1f97cec1e60c85ab,0.7828487081017493,1.0906516032053444,0.6883906660060469,24,a7775965e8bf370b06fce38b,0.8711968933029413,0.8760168279420468,100,1.1160852129500762,1.186263906936811,100,-1.5361718427456577,0.45752993732238156,95
W00,S1_CONDITION,neg_log10_mol_l,STL_FULL,locked_common,40478,40478,0,1.0,99,2988,590b6f64a49ddedcf93e3722c7e015a52fe876d6958c3f1475d373def40269f6,0.7828313210483546,1.0906400443298871,0.688399223445344,24,a7775965e8bf370b06fce38b,0.864980277524034,0.8671736449382722,99,1.1123422165615438,1.18158858904672,99,-1.5361718427456577,0.45752993732238156,95
W00,S1_CONDITION,neg_log10_mol_l,STL_MOL,full,40479,40479,0,1.0,100,2988,fc11878033b7dd0a3d48453aabe1c55e22ca679563e67bfb1f97cec1e60c85ab,0.9525596495357661,1.296752760275906,0.5594930790437327,28,4ffcb8f3776638f2016ed1b3,0.9558831026729041,0.9185611810066153,100,1.220008098926204,1.245157591621724,100,-0.7328737381606297,0.3294667940167614,95
W00,S1_CONDITION,neg_log10_mol_l,STL_MOL,locked_common,40478,40478,0,1.0,99,2988,590b6f64a49ddedcf93e3722c7e015a52fe876d6958c3f1475d373def40269f6,0.9525544204172028,1.296755867060777,0.5594937285417191,28,4ffcb8f3776638f2016ed1b3,0.9537786500661147,0.9169717688142794,99,1.2205715755744988,1.2492034053941168,99,-0.7328737381606297,0.3294667940167614,95
W00,S2_COMBINATION,neg_log10_mol_l,MTL_FULL,full,40494,40494,0,1.0,99,2836,94e1bb4e2216023802584a7f52be8b317548e344bb0413e14586cc32be4810a8,0.7134948161550256,0.9773355913546419,0.7506591043921177,27,7ebf182c593bba5274172010,0.8422757729235048,0.70588553063735,99,1.0433704488475293,0.9543071185749595,99,-16.90507625456655,0.6349072031183218,95
W00,S2_COMBINATION,neg_log10_mol_l,MTL_FULL,locked_common,40489,40489,0,1.0,96,2835,496574c39785394efaec735725a1de14ee6709f6d98836d5c56190fc87492c5c,0.7134257926786455,0.9772677165328457,0.750685343929746,26,7ebf182c593bba5274172010,0.8290562306453749,0.7052578003672623,96,1.0357755656117102,0.9533381249843538,96,-9.162110425413648,0.6390522462187076,93
W00,S2_COMBINATION,neg_log10_mol_l,MTL_MOL,full,40494,40494,0,1.0,99,2836,94e1bb4e2216023802584a7f52be8b317548e344bb0413e14586cc32be4810a8,0.9549393210114738,1.270178098421479,0.5788514345154419,31,875e1f3ae4d4139c29a2865b,0.9706264383105194,0.9608458081932362,99,1.1987991014641428,1.2537535564590665,99,-17.424179300299897,0.34221883565554223,95
W00,S2_COMBINATION,neg_log10_mol_l,MTL_MOL,locked_common,40489,40489,0,1.0,96,2835,496574c39785394efaec735725a1de14ee6709f6d98836d5c56190fc87492c5c,0.9548846403259177,1.2701431185731016,0.5788604545966507,29,875e1f3ae4d4139c29a2865b,0.9573704095380559,0.955852750890184,96,1.1915089801716598,1.249733298617972,96,-9.287457023158613,0.35767362664567137,93
W00,S2_COMBINATION,neg_log10_mol_l,STL_FULL,full,40494,40494,0,1.0,99,2836,94e1bb4e2216023802584a7f52be8b317548e344bb0413e14586cc32be4810a8,0.8427179566929113,1.1450405314765786,0.6577465729422738,23,1d32cd818c188ce35f72deb2,0.9499585475232729,0.9866467996087759,99,1.1811831789856198,1.215612571496295,99,-13.918101641555563,0.38264306194520414,95
W00,S2_COMBINATION,neg_log10_mol_l,STL_FULL,locked_common,40489,40489,0,1.0,96,2835,496574c39785394efaec735725a1de14ee6709f6d98836d5c56190fc87492c5c,0.8426989492270199,1.145039026161872,0.6577359519389387,22,1d32cd818c188ce35f72deb2,0.9477780459516727,0.9831102382264946,96,1.1856469036749615,1.2180927001321318,96,-8.88641318538766,0.38264306194520414,93
W00,S2_COMBINATION,neg_log10_mol_l,STL_MOL,full,40494,40494,0,1.0,99,2836,94e1bb4e2216023802584a7f52be8b317548e344bb0413e14586cc32be4810a8,0.9754476707926234,1.3157594784636406,0.5480825612635463,29,d34155f04ad4fc239a29b86a,1.024278869468654,1.0356680008009407,99,1.269213503278418,1.3336884632982327,99,-17.737454977698086,0.24298041200640863,95
W00,S2_COMBINATION,neg_log10_mol_l,STL_MOL,locked_common,40489,40489,0,1.0,96,2835,496574c39785394efaec735725a1de14ee6709f6d98836d5c56190fc87492c5c,0.9753998507399356,1.3157367156644415,0.5480829856930449,27,d34155f04ad4fc239a29b86a,1.0146019840652154,1.0335292289465672,96,1.2664860778538196,1.3375141363998493,96,-9.546255117797507,0.25670352567570054,93
W00,S3_PARENT,neg_log10_mol_l,MTL_FULL,full,40430,40420,10,0.9997526589166461,95,1033,1e3dcd3b39c7859de0150b1751ebc4ab8ab76664958545a43ff0f6b9eb99891f,1.0377465857369588,1.341512249587186,0.5367086185006943,28,3b49bf8c75e42f160b2c68e9,1.0258661458044895,0.9928081224018124,94,1.2759431371398262,1.2811920261570164,94,-15.829866817974379,0.37538453825078577,93
W00,S3_PARENT,neg_log10_mol_l,MTL_FULL,locked_common,40410,40410,0,1.0,92,1033,d87bcedf5a8b86d1a4787dff8d94f35fa84f744d2eeb0b0061b5c05bf66a7e58,1.0375618044949684,1.3413558612795309,0.5366762544185425,26,3b49bf8c75e42f160b2c68e9,1.01731220645028,0.9928081224018124,92,1.2718837936232636,1.2811920261570164,92,-15.443909719134913,0.38350977126507135,91
W00,S3_PARENT,neg_log10_mol_l,MTL_MOL,full,40430,40420,10,0.9997526589166461,95,1033,1e3dcd3b39c7859de0150b1751ebc4ab8ab76664958545a43ff0f6b9eb99891f,1.166570807252396,1.4888403292750936,0.4293613487060962,28,16375756fbd832d840d1359a,1.108534465738684,1.1357356666419285,94,1.363760445980678,1.4478283013732662,94,-17.1566208725509,0.18612572681870165,93
W00,S3_PARENT,neg_log10_mol_l,MTL_MOL,locked_common,40410,40410,0,1.0,92,1033,d87bcedf5a8b86d1a4787dff8d94f35fa84f744d2eeb0b0061b5c05bf66a7e58,1.166419282331024,1.4887359109806513,0.42926847119124756,26,16375756fbd832d840d1359a,1.1020475465857984,1.1357356666419285,92,1.3622119993941233,1.4478283013732662,92,-16.80225219375852,0.18654092033531955,91
W00,S3_PARENT,neg_log10_mol_l,STL_FULL,full,40430,40420,10,0.9997526589166461,95,1033,1e3dcd3b39c7859de0150b1751ebc4ab8ab76664958545a43ff0f6b9eb99891f,1.0673373878817916,1.3791830892492645,0.5103240407075333,27,a50eed36870795c0dbeee442,1.0714031766597787,1.0830893585420673,94,1.3352199596150016,1.3559707118971238,94,-21.031357657094755,0.28949673169273316,93
W00,S3_PARENT,neg_log10_mol_l,STL_FULL,locked_common,40410,40410,0,1.0,92,1033,d87bcedf5a8b86d1a4787dff8d94f35fa84f744d2eeb0b0061b5c05bf66a7e58,1.067184161360852,1.37905221213866,0.510268595502207,26,a50eed36870795c0dbeee442,1.0691418638580392,1.0830893585420673,92,1.3382615307912047,1.3559707118971238,92,-20.77200457546946,0.28949673169273316,91
W00,S3_PARENT,neg_log10_mol_l,STL_MOL,full,40430,40420,10,0.9997526589166461,95,1033,1e3dcd3b39c7859de0150b1751ebc4ab8ab76664958545a43ff0f6b9eb99891f,1.1895191421161557,1.5262595098829774,0.4003170491929702,30,92de09c8294234602829a140,1.1805026877353804,1.2237422449353943,94,1.4519874506316235,1.546132313750931,94,-20.963230944772857,0.1653764070048389,93
W00,S3_PARENT,neg_log10_mol_l,STL_MOL,locked_common,40410,40410,0,1.0,92,1033,d87bcedf5a8b86d1a4787dff8d94f35fa84f744d2eeb0b0061b5c05bf66a7e58,1.1893736627461569,1.5261666549827992,0.40020829273666847,28,92de09c8294234602829a140,1.1756004274605905,1.2237422449353943,92,1.4521252402450096,1.546132313750931,92,-20.69316821106024,0.16761039163554636,91
W00,S_SOURCE,neg_log10_mol_l,MTL_FULL,full,40485,40485,0,1.0,98,2636,25ba3f256ad4fd76c623d758b31fdbda483f49e5c766b00935a12575c0693eb0,0.7711343684414114,1.0566952144527957,0.711421153285372,21,61d8b97509cb889e3e881b64,0.7900437025577286,0.7607328324463862,98,1.0161303649774,1.0122983929869331,98,-1.2104992372163383,0.5740089634118619,94
W00,S_SOURCE,neg_log10_mol_l,MTL_FULL,locked_common,40485,40485,0,1.0,98,2636,25ba3f256ad4fd76c623d758b31fdbda483f49e5c766b00935a12575c0693eb0,0.7711343684414114,1.0566952144527957,0.711421153285372,21,61d8b97509cb889e3e881b64,0.7900437025577286,0.7607328324463862,98,1.0161303649774,1.0122983929869331,98,-1.2104992372163383,0.5740089634118619,94
W00,S_SOURCE,neg_log10_mol_l,STL_FULL,full,40485,40485,0,1.0,98,2636,25ba3f256ad4fd76c623d758b31fdbda483f49e5c766b00935a12575c0693eb0,0.8096912868622402,1.1138099739781062,0.6793825043871926,23,16cea60112d9e4e1480a4407,0.8632825544625561,0.8806278030328345,98,1.1164908905677258,1.1741876909213236,98,-0.510298628546436,0.4581932910783289,94
W00,S_SOURCE,neg_log10_mol_l,STL_FULL,locked_common,40485,40485,0,1.0,98,2636,25ba3f256ad4fd76c623d758b31fdbda483f49e5c766b00935a12575c0693eb0,0.8096912868622402,1.1138099739781062,0.6793825043871926,23,16cea60112d9e4e1480a4407,0.8632825544625561,0.8806278030328345,98,1.1164908905677258,1.1741876909213236,98,-0.510298628546436,0.4581932910783289,94
