route,split_id,target_scale,model,cohort_scope,n_cohort,n_predicted,n_unestimated,coverage,n_heads,n_parents,identity_sha256,pooled_mae,pooled_rmse,pooled_r2,n_negative_r2_heads,source_run_id,task_macro_mae,median_task_mae,n_defined_task_mae,task_macro_rmse,median_task_rmse,n_defined_task_rmse,task_macro_r2,median_task_r2,n_defined_task_r2,seed
M00,S1_CONDITION,neg_log10_mol_kg,MTL_FULL,locked_common,2176,2176,0,1.0,16,363,5418f9cdeb0f578e32dbb7c54261cad33dacd89e16a442fab4a831f5d21adc40,0.6382098252854819,0.8651599555129297,0.6156589631063494,0,55edbb1b0a58c5e295b9bb43,0.666791073631992,0.6646910878543733,16,0.8912912925602186,0.893799504250138,16,0.5652763375207888,0.5919367974875208,16,42
M00,S1_CONDITION,neg_log10_mol_kg,MTL_FULL,locked_common,2176,2176,0,1.0,16,363,5418f9cdeb0f578e32dbb7c54261cad33dacd89e16a442fab4a831f5d21adc40,0.6428023688355532,0.869542087927916,0.6117556415969676,0,9650d3830e989243e60b7614,0.6786087833590382,0.6737957521358671,16,0.9098024741845385,0.9272606971331063,16,0.553978383470886,0.5944035511820887,16,2042
M00,S1_CONDITION,neg_log10_mol_kg,MTL_FULL,locked_common,2176,2176,0,1.0,16,363,5418f9cdeb0f578e32dbb7c54261cad33dacd89e16a442fab4a831f5d21adc40,0.6446783202709623,0.86601568572419,0.6148982832150742,0,1ead1e459f1df4a4bc740ee4,0.6738226731251304,0.6781096104091853,16,0.8936865393632756,0.8988684465720689,16,0.5630139469943722,0.5978433414944967,16,3407
M00,S1_CONDITION,neg_log10_mol_kg,MTL_FULL,locked_common,2176,2176,0,1.0,16,363,5418f9cdeb0f578e32dbb7c54261cad33dacd89e16a442fab4a831f5d21adc40,0.6505152849343503,0.8766885825214917,0.6053476988985422,0,88d7fe208484b0cb67f141b9,0.6816814492399119,0.6922727046833566,16,0.907202740311956,0.9273996322414341,16,0.5526521097843093,0.5903253805975505,16,8417
M00,S1_CONDITION,neg_log10_mol_kg,MTL_MOL,locked_common,2176,2176,0,1.0,16,363,5418f9cdeb0f578e32dbb7c54261cad33dacd89e16a442fab4a831f5d21adc40,0.7991150370180002,1.088165055382729,0.391986127208909,0,b1811265d45cb3bbb5078169,0.8304085130290512,0.8183049381998193,16,1.116654190128624,1.1117500843105872,16,0.3311180814282565,0.3103371109569789,16,42
M00,S1_CONDITION,neg_log10_mol_kg,MTL_MOL,locked_common,2176,2176,0,1.0,16,363,5418f9cdeb0f578e32dbb7c54261cad33dacd89e16a442fab4a831f5d21adc40,0.8062089656696451,1.093403424509035,0.3861181436757649,0,252db9ae203261baf071fbc1,0.838610341097165,0.8454020845382604,16,1.12288170900907,1.1228611301880316,16,0.32569866626897814,0.32049377593738165,16,2042
M00,S1_CONDITION,neg_log10_mol_kg,MTL_MOL,locked_common,2176,2176,0,1.0,16,363,5418f9cdeb0f578e32dbb7c54261cad33dacd89e16a442fab4a831f5d21adc40,0.7959940700638971,1.0804187593939822,0.40061182499253856,0,f6f4667b999eeb181824eb19,0.8281052330544592,0.8176384926843256,16,1.1127622855488353,1.0909027923461456,16,0.33676273554959285,0.33913646711835715,16,3407
M00,S1_CONDITION,neg_log10_mol_kg,MTL_MOL,locked_common,2176,2176,0,1.0,16,363,5418f9cdeb0f578e32dbb7c54261cad33dacd89e16a442fab4a831f5d21adc40,0.7977190175101748,1.0931053874004593,0.3864527587575163,0,b60522d9deb27304f10c882e,0.8328576032562027,0.8193354390598091,16,1.1247815144491407,1.100905737351939,16,0.32311897969361036,0.32606342518215886,16,8417
M00,S1_CONDITION,neg_log10_mol_kg,STL_FULL,locked_common,2176,2176,0,1.0,16,363,5418f9cdeb0f578e32dbb7c54261cad33dacd89e16a442fab4a831f5d21adc40,0.7544981260699977,1.0278638751876497,0.4575057444145585,0,16028eafa306ca65d220190d,0.7997287528243502,0.8296837259334082,16,1.0700041840826087,1.100195048863048,16,0.3832141405245869,0.4197820434835294,16,42
M00,S1_CONDITION,neg_log10_mol_kg,STL_FULL,locked_common,2176,2176,0,1.0,16,363,5418f9cdeb0f578e32dbb7c54261cad33dacd89e16a442fab4a831f5d21adc40,0.7547790890012839,1.0251788159645716,0.4603363267207684,0,4c2c2c037ce97fbf06bb0057,0.807890780515657,0.8211697565845482,16,1.0717407642219534,1.0959554246929848,16,0.3817087936326372,0.41240987870185736,16,2042
M00,S1_CONDITION,neg_log10_mol_kg,STL_FULL,locked_common,2176,2176,0,1.0,16,363,5418f9cdeb0f578e32dbb7c54261cad33dacd89e16a442fab4a831f5d21adc40,0.7566854536775243,1.025510917808639,0.4599866270829053,0,42e619cc288f03a872cc0fac,0.8009696139957118,0.8316961537655223,16,1.0671043368525395,1.0911541037937877,16,0.38783009425291093,0.4117101577676908,16,3407
M00,S1_CONDITION,neg_log10_mol_kg,STL_FULL,locked_common,2176,2176,0,1.0,16,363,5418f9cdeb0f578e32dbb7c54261cad33dacd89e16a442fab4a831f5d21adc40,0.766043854041173,1.038452300187094,0.44627128762020074,0,5b25cafd7a365ff7fd8b9079,0.8104503613830781,0.8187925959116076,16,1.0812912230909075,1.098394202323274,16,0.3728526006635032,0.40803996086895544,16,8417
M00,S1_CONDITION,neg_log10_mol_kg,STL_MOL,locked_common,2176,2176,0,1.0,16,363,5418f9cdeb0f578e32dbb7c54261cad33dacd89e16a442fab4a831f5d21adc40,0.8558764715786836,1.1562586421058336,0.3135104640725026,0,81fcfa1fe758b82dfdba6f4d,0.9001536287048573,0.884003385668795,16,1.1922171474682353,1.198766455927708,16,0.24471197815772133,0.22469416678825932,16,42
M00,S1_CONDITION,neg_log10_mol_kg,STL_MOL,locked_common,2176,2176,0,1.0,16,363,5418f9cdeb0f578e32dbb7c54261cad33dacd89e16a442fab4a831f5d21adc40,0.8419410856017714,1.1465057046075833,0.3250425767196724,1,02e58ef57e762e45eeac54ba,0.8850105297017707,0.8836411765948547,16,1.1804737504844858,1.2019406855595007,16,0.2573756873764604,0.2389242477962184,16,2042
M00,S1_CONDITION,neg_log10_mol_kg,STL_MOL,locked_common,2176,2176,0,1.0,16,363,5418f9cdeb0f578e32dbb7c54261cad33dacd89e16a442fab4a831f5d21adc40,0.8520339128817642,1.14910203973327,0.3219821472987796,0,9b50f97f870793e13a152730,0.8914058060379287,0.885913190078005,16,1.1799779700221578,1.2019127582950995,16,0.2612639450839879,0.23111837974333355,16,3407
M00,S1_CONDITION,neg_log10_mol_kg,STL_MOL,locked_common,2176,2176,0,1.0,16,363,5418f9cdeb0f578e32dbb7c54261cad33dacd89e16a442fab4a831f5d21adc40,0.8437764847277238,1.1453412140520176,0.3264129709290947,0,043d45a95e8ebafdae10bf97,0.8828896041654866,0.8785492700209132,16,1.1757534742737228,1.2026676136432757,16,0.2646209253927585,0.25395593794472743,16,8417
M00,S2_COMBINATION,neg_log10_mol_kg,MTL_FULL,locked_common,2176,2176,0,1.0,16,344,9d96620a71ca88b9ebf0ef0694a9036a86fb75d07db36d6a21de6ce6c6bcd5f8,0.6879162079518787,0.9424774825206934,0.5275201211210916,0,0ab5e4f42851f7d1da2d162a,0.6957171394164808,0.7170053869487377,16,0.9352015942458551,0.9522878354558774,16,0.49419850545872146,0.5604908785318322,16,42
M00,S2_COMBINATION,neg_log10_mol_kg,MTL_FULL,locked_common,2176,2176,0,1.0,16,344,9d96620a71ca88b9ebf0ef0694a9036a86fb75d07db36d6a21de6ce6c6bcd5f8,0.7002330333143862,0.9617702099040378,0.50797859767963,0,e0cb403f3c8e1a623b29a316,0.7209819471359729,0.708661256497336,16,0.9657865591897792,0.9659019552551436,16,0.45594810176978545,0.5209406191734047,16,2042
M00,S2_COMBINATION,neg_log10_mol_kg,MTL_FULL,locked_common,2176,2176,0,1.0,16,344,9d96620a71ca88b9ebf0ef0694a9036a86fb75d07db36d6a21de6ce6c6bcd5f8,0.7012362919469758,0.9594003239005358,0.5104003778867412,0,0d1716ae050ea19bd1b70f02,0.7216516047165167,0.7097870575968224,16,0.9636465615507857,0.9543264210542153,16,0.45892973000559,0.5247475625761862,16,3407
M00,S2_COMBINATION,neg_log10_mol_kg,MTL_FULL,locked_common,2176,2176,0,1.0,16,344,9d96620a71ca88b9ebf0ef0694a9036a86fb75d07db36d6a21de6ce6c6bcd5f8,0.6998515574710524,0.953835196670902,0.5160638776317779,0,b8fac030ef86b9fc9eb09e4c,0.7075251183475197,0.6963794756692727,16,0.9436288790901162,0.9632864843949731,16,0.48345634195602927,0.504466114310868,16,8417
M00,S2_COMBINATION,neg_log10_mol_kg,MTL_MOL,locked_common,2176,2176,0,1.0,16,344,9d96620a71ca88b9ebf0ef0694a9036a86fb75d07db36d6a21de6ce6c6bcd5f8,0.818272613484241,1.112419299790234,0.341768923472174,1,339d6cde1337f9013f3affc0,0.834314835382939,0.839532722980177,16,1.1121949501497599,1.1485702267173001,16,0.29329444089904017,0.33469543995156326,16,42
M00,S2_COMBINATION,neg_log10_mol_kg,MTL_MOL,locked_common,2176,2176,0,1.0,16,344,9d96620a71ca88b9ebf0ef0694a9036a86fb75d07db36d6a21de6ce6c6bcd5f8,0.827927723258378,1.1158650184624417,0.3376848666801714,1,f5cb29feb3885f94b51b275a,0.8446033239098814,0.836223937129942,16,1.1153486637615961,1.1258616055947979,16,0.290562976521666,0.28675696731591555,16,2042
M00,S2_COMBINATION,neg_log10_mol_kg,MTL_MOL,locked_common,2176,2176,0,1.0,16,344,9d96620a71ca88b9ebf0ef0694a9036a86fb75d07db36d6a21de6ce6c6bcd5f8,0.8272901374574438,1.117657728610361,0.3355550520343167,0,0862aa9fd0e82b57ff2206c9,0.8349393629920991,0.8376155639420433,16,1.1115889412507576,1.1515883455067795,16,0.2980097334186913,0.3215651798240076,16,3407
M00,S2_COMBINATION,neg_log10_mol_kg,MTL_MOL,locked_common,2176,2176,0,1.0,16,344,9d96620a71ca88b9ebf0ef0694a9036a86fb75d07db36d6a21de6ce6c6bcd5f8,0.8188539817032916,1.10823924890814,0.34670639616510435,0,86875dd0f0f22391875f5157,0.8317422266604232,0.8442767118716623,16,1.1090762292421985,1.1492459495551106,16,0.29841746176407036,0.34742364616278393,16,8417
M00,S2_COMBINATION,neg_log10_mol_kg,STL_FULL,locked_common,2176,2176,0,1.0,16,344,9d96620a71ca88b9ebf0ef0694a9036a86fb75d07db36d6a21de6ce6c6bcd5f8,0.8405342950157733,1.11953186699628,0.33332484182650557,1,283a95ac197429acf5cae0ed,0.8620430460667305,0.8556072429129142,16,1.1297559285799952,1.1577520250433717,16,0.26870745073254554,0.2779000649139458,16,42
M00,S2_COMBINATION,neg_log10_mol_kg,STL_FULL,locked_common,2176,2176,0,1.0,16,344,9d96620a71ca88b9ebf0ef0694a9036a86fb75d07db36d6a21de6ce6c6bcd5f8,0.8331209568662237,1.1153949309089637,0.3382427845539777,1,708260f5bf14b3704bf5f89b,0.857678912677933,0.8546181368087272,16,1.1292153962425941,1.1608626598911198,16,0.2701408815368597,0.2518506167797821,16,2042
M00,S2_COMBINATION,neg_log10_mol_kg,STL_FULL,locked_common,2176,2176,0,1.0,16,344,9d96620a71ca88b9ebf0ef0694a9036a86fb75d07db36d6a21de6ce6c6bcd5f8,0.8368031313807551,1.1167369026876952,0.33664945879813735,0,24e8d6d4a74797a9b59fd7bf,0.8597856940670503,0.8492143433090728,16,1.1278590574525102,1.1555674170656953,16,0.27119781584823266,0.2770462321635421,16,3407
M00,S2_COMBINATION,neg_log10_mol_kg,STL_FULL,locked_common,2176,2176,0,1.0,16,344,9d96620a71ca88b9ebf0ef0694a9036a86fb75d07db36d6a21de6ce6c6bcd5f8,0.8288244308538135,1.1074662336717562,0.34761744454224797,1,72c691142acf19099225bca9,0.851987008538944,0.8481971815720813,16,1.120284981524409,1.147547647528972,16,0.28339763859579803,0.3096830065662322,16,8417
M00,S2_COMBINATION,neg_log10_mol_kg,STL_MOL,locked_common,2176,2176,0,1.0,16,344,9d96620a71ca88b9ebf0ef0694a9036a86fb75d07db36d6a21de6ce6c6bcd5f8,0.8887810630469977,1.1854321761122486,0.25252826537420425,2,37a784d7a0526474981ce0c8,0.9049310032307268,0.8969393493403736,16,1.1867983367472994,1.205901422945339,16,0.19903906060241355,0.2422526922198981,16,42
M00,S2_COMBINATION,neg_log10_mol_kg,STL_MOL,locked_common,2176,2176,0,1.0,16,344,9d96620a71ca88b9ebf0ef0694a9036a86fb75d07db36d6a21de6ce6c6bcd5f8,0.8924699633530483,1.185296129593844,0.25269982321421247,1,17d2bc9b5e104ca694599cff,0.9061810862913005,0.9230961900093075,16,1.1846019660700957,1.2290761968374788,16,0.2026003541529368,0.22208463261980943,16,2042
M00,S2_COMBINATION,neg_log10_mol_kg,STL_MOL,locked_common,2176,2176,0,1.0,16,344,9d96620a71ca88b9ebf0ef0694a9036a86fb75d07db36d6a21de6ce6c6bcd5f8,0.8741250389429843,1.1795544711391281,0.25992223783499613,1,fdeda606701cb2469bb78274,0.8853787301334858,0.9094243295255592,16,1.1744494614667278,1.1924294208819382,16,0.21656904527131438,0.27109251958338393,16,3407
M00,S2_COMBINATION,neg_log10_mol_kg,STL_MOL,locked_common,2176,2176,0,1.0,16,344,9d96620a71ca88b9ebf0ef0694a9036a86fb75d07db36d6a21de6ce6c6bcd5f8,0.8901480009824265,1.1837219105715056,0.25468351811206535,2,508947894748d02801cb1041,0.9062184948253055,0.9005455002041454,16,1.186460915982729,1.2083950746663668,16,0.19840667388079922,0.2450924286419986,16,8417
M00,S3_PARENT,neg_log10_mol_kg,MTL_FULL,locked_common,2177,2177,0,1.0,16,115,8a21f9bd0ba4edbcb91e74f5c2920757472d7ff06f29dffaf613db14b2fa9681,0.9037472662137733,1.1609666023905998,0.29936633741786456,2,4a7a54492720a650ebbbb988,0.9454373411106334,1.0000342899616983,16,1.2023059188687266,1.2618626353973559,16,0.20357437172557244,0.22790295491576534,16,42
M00,S3_PARENT,neg_log10_mol_kg,MTL_FULL,locked_common,2177,2177,0,1.0,16,115,8a21f9bd0ba4edbcb91e74f5c2920757472d7ff06f29dffaf613db14b2fa9681,0.9135041548370595,1.1809541458050539,0.2750340375060476,0,bc69f11d7951d6c95b0c8e7a,0.9468779685157894,0.9590965028711711,16,1.2070697847090486,1.2125545878119217,16,0.20183744943151857,0.18181574007246798,16,2042
M00,S3_PARENT,neg_log10_mol_kg,MTL_FULL,locked_common,2177,2177,0,1.0,16,115,8a21f9bd0ba4edbcb91e74f5c2920757472d7ff06f29dffaf613db14b2fa9681,0.8886553838189002,1.1475297022629116,0.31549059841776517,1,6fe04ff472db9e8e3df49e59,0.9097623828686532,0.9536509068245311,16,1.1644271213158448,1.1935273812008074,16,0.25305160346809635,0.26384392798900924,16,3407
M00,S3_PARENT,neg_log10_mol_kg,MTL_FULL,locked_common,2177,2177,0,1.0,16,115,8a21f9bd0ba4edbcb91e74f5c2920757472d7ff06f29dffaf613db14b2fa9681,0.9445382249596445,1.216413712177469,0.2308444807654153,2,ee7ebb5107ed06966602f048,0.9791372645845063,0.9913274269211819,16,1.2444307378159989,1.2463535330120794,16,0.15003342079514223,0.15395803783057999,16,8417
M00,S3_PARENT,neg_log10_mol_kg,MTL_MOL,locked_common,2177,2177,0,1.0,16,115,8a21f9bd0ba4edbcb91e74f5c2920757472d7ff06f29dffaf613db14b2fa9681,0.9725867952971958,1.236883101175871,0.20474051323537057,2,7b6fd863a32ca01a6698238e,0.9946533045029993,0.9510119911546921,16,1.2632875363478435,1.2770309961513902,16,0.12549228326825257,0.13070101931495348,16,42
M00,S3_PARENT,neg_log10_mol_kg,MTL_MOL,locked_common,2177,2177,0,1.0,16,115,8a21f9bd0ba4edbcb91e74f5c2920757472d7ff06f29dffaf613db14b2fa9681,1.003402400929703,1.2754979313069843,0.15431025626246686,2,fcb3e3cf4fe94a45f248e87c,1.032973337911641,1.0417783837028831,16,1.3009683141276807,1.2945873131772103,16,0.07259794337280615,0.06582468622122456,16,2042
M00,S3_PARENT,neg_log10_mol_kg,MTL_MOL,locked_common,2177,2177,0,1.0,16,115,8a21f9bd0ba4edbcb91e74f5c2920757472d7ff06f29dffaf613db14b2fa9681,1.0039742657098563,1.2759431224527453,0.15371980561395704,3,1e5d37c8d984e3de918f0638,1.0383114407462695,1.043383540178005,16,1.3087768914281055,1.2973343978291285,16,0.06414545106923009,0.07584049740938781,16,3407
M00,S3_PARENT,neg_log10_mol_kg,MTL_MOL,locked_common,2177,2177,0,1.0,16,115,8a21f9bd0ba4edbcb91e74f5c2920757472d7ff06f29dffaf613db14b2fa9681,0.9657724579703124,1.242042253820449,0.19809247706559974,2,a3afe4ab5eddc7ed0536eba2,0.9834990298981274,0.9685813366649235,16,1.2654692209911445,1.2756469630503569,16,0.11904008598614063,0.11787205008999935,16,8417
M00,S3_PARENT,neg_log10_mol_kg,STL_FULL,locked_common,2177,2177,0,1.0,16,115,8a21f9bd0ba4edbcb91e74f5c2920757472d7ff06f29dffaf613db14b2fa9681,0.9515051692965166,1.2139975230883624,0.23389702685164482,2,a56980fe80f10182b4422aa7,0.989033561498105,0.9887983939696667,16,1.2500805820008916,1.263642759949601,16,0.14140381157430576,0.17039247820373654,16,42
M00,S3_PARENT,neg_log10_mol_kg,STL_FULL,locked_common,2177,2177,0,1.0,16,115,8a21f9bd0ba4edbcb91e74f5c2920757472d7ff06f29dffaf613db14b2fa9681,0.9583792972500111,1.2210966043358507,0.2249109641129009,2,82e37f32fec3a2809c4a31ab,0.9938146223792647,1.020432462792515,16,1.2518135650444904,1.2794745845140403,16,0.13914218854047372,0.13740891299660085,16,2042
M00,S3_PARENT,neg_log10_mol_kg,STL_FULL,locked_common,2177,2177,0,1.0,16,115,8a21f9bd0ba4edbcb91e74f5c2920757472d7ff06f29dffaf613db14b2fa9681,0.960275293835557,1.217027056969313,0.23006863211653295,2,4e4acc01d376663c7b86a348,1.0015797109282705,1.0147145629944676,16,1.257033933907845,1.227076095485316,16,0.13127774158251534,0.13514464444657953,16,3407
M00,S3_PARENT,neg_log10_mol_kg,STL_FULL,locked_common,2177,2177,0,1.0,16,115,8a21f9bd0ba4edbcb91e74f5c2920757472d7ff06f29dffaf613db14b2fa9681,0.9506269133641362,1.2163785823736855,0.23088890626313663,3,bc13f563dcd4347728532e9f,1.0011074540049418,1.0669548184886435,16,1.2601705198657904,1.3155414209876315,16,0.13025326027136225,0.13247687512106537,16,8417
M00,S3_PARENT,neg_log10_mol_kg,STL_MOL,locked_common,2177,2177,0,1.0,16,115,8a21f9bd0ba4edbcb91e74f5c2920757472d7ff06f29dffaf613db14b2fa9681,1.0082160963221725,1.2672028287417976,0.165274244465756,3,bc48138b91cc27f139241c3e,1.03186143978695,1.0259959444076796,16,1.2943744411468194,1.3213502316072452,16,0.08191238450976349,0.08093655752400997,16,42
M00,S3_PARENT,neg_log10_mol_kg,STL_MOL,locked_common,2177,2177,0,1.0,16,115,8a21f9bd0ba4edbcb91e74f5c2920757472d7ff06f29dffaf613db14b2fa9681,1.0272143156773383,1.2897321299405653,0.13532961464619764,4,466409b2e987f9ad41288597,1.0616764258565374,1.0623983460101427,16,1.3315327511430501,1.3561107561559451,16,0.027942522020648675,0.03966600441386592,16,2042
M00,S3_PARENT,neg_log10_mol_kg,STL_MOL,locked_common,2177,2177,0,1.0,16,115,8a21f9bd0ba4edbcb91e74f5c2920757472d7ff06f29dffaf613db14b2fa9681,1.007579792441088,1.2743449481650204,0.15583848345861318,4,4f7432cb6b3df0d688020df0,1.0425117213605684,1.063190320166303,16,1.3122315043184987,1.3369659847023474,16,0.05618279821942426,0.0674984528164081,16,3407
M00,S3_PARENT,neg_log10_mol_kg,STL_MOL,locked_common,2177,2177,0,1.0,16,115,8a21f9bd0ba4edbcb91e74f5c2920757472d7ff06f29dffaf613db14b2fa9681,1.0104980654399691,1.2758633313536025,0.15382564656305153,5,0834f2caa77eb90fd3bfdc65,1.0536285711384505,1.0464617005982686,16,1.3211853246929752,1.3432617031012222,16,0.04128423831486294,0.07278591858980527,16,8417
M00,S_SOURCE,neg_log10_mol_kg,MTL_FULL,locked_common,2176,2176,0,1.0,16,305,933656050d5b0c317226ba8181b86a1ed57cab7d41d422d465bf83318d51011e,0.6644899678304603,0.9156877097555605,0.5584903799215404,0,f44cb9e390440bedc1484f63,0.6746821509032565,0.6516226726345475,16,0.9201547962684846,0.9084800041001322,16,0.5085044344875966,0.5620426393165951,16,42
M00,S_SOURCE,neg_log10_mol_kg,MTL_FULL,locked_common,2176,2176,0,1.0,16,305,933656050d5b0c317226ba8181b86a1ed57cab7d41d422d465bf83318d51011e,0.669041229392771,0.9256594276008674,0.5488220591030677,0,151bd5bb02469d8b0e51e78c,0.6875402150560502,0.6744894223442416,16,0.9358884442630824,0.9290995348371978,16,0.48870509994199757,0.5436265169355553,16,2042
M00,S_SOURCE,neg_log10_mol_kg,MTL_FULL,locked_common,2176,2176,0,1.0,16,305,933656050d5b0c317226ba8181b86a1ed57cab7d41d422d465bf83318d51011e,0.6642744596561418,0.9120844623762776,0.5619582397975906,0,64d2ba851ea3d6bd22dbc75f,0.6768783208675017,0.663030464122395,16,0.9188611087358068,0.8888717856217254,16,0.5015064449961121,0.5595741258733999,16,3407
M00,S_SOURCE,neg_log10_mol_kg,MTL_FULL,locked_common,2176,2176,0,1.0,16,305,933656050d5b0c317226ba8181b86a1ed57cab7d41d422d465bf83318d51011e,0.6692155880954944,0.9212334229738031,0.5531263237327791,0,5f66b34aaaa212be490bf282,0.6872656006372924,0.6984469061342589,16,0.9336969374676781,0.9056927487878321,16,0.485968668019384,0.5469862250847902,16,8417
M00,S_SOURCE,neg_log10_mol_kg,STL_FULL,locked_common,2176,2176,0,1.0,16,305,933656050d5b0c317226ba8181b86a1ed57cab7d41d422d465bf83318d51011e,0.7333747333447095,1.0075638490376215,0.4654472672059612,0,8839a0f4392195fdf0ffc607,0.7703299022368706,0.7841047697863806,16,1.0377308355992862,1.030696874379432,16,0.38285306971656596,0.39771588301582117,16,42
M00,S_SOURCE,neg_log10_mol_kg,STL_FULL,locked_common,2176,2176,0,1.0,16,305,933656050d5b0c317226ba8181b86a1ed57cab7d41d422d465bf83318d51011e,0.7374380770188478,1.016137355103702,0.4563113900748671,0,5eb01249a6688fc4f5588ed0,0.766782534940926,0.7811783143607436,16,1.0368883216600802,1.0436927890993664,16,0.3862197861041804,0.40022458458786037,16,2042
M00,S_SOURCE,neg_log10_mol_kg,STL_FULL,locked_common,2176,2176,0,1.0,16,305,933656050d5b0c317226ba8181b86a1ed57cab7d41d422d465bf83318d51011e,0.7440021982568408,1.0153776621209007,0.45712404009874175,0,c897608fde2f263a5cd8d276,0.7699928299100532,0.7879830169964888,16,1.0327156068374321,1.042409506537395,16,0.3857323382419182,0.4406057964565121,16,3407
M00,S_SOURCE,neg_log10_mol_kg,STL_FULL,locked_common,2176,2176,0,1.0,16,305,933656050d5b0c317226ba8181b86a1ed57cab7d41d422d465bf83318d51011e,0.7399974341652263,1.0136777405681163,0.4589402589797824,0,8efde875840b30a4fa67637e,0.7644277494004973,0.7880730654654844,16,1.0282072961572593,1.061554946160741,16,0.3916827474161307,0.4145215287434882,16,8417
W00,S1_CONDITION,neg_log10_mol_l,MTL_FULL,locked_common,40478,40478,0,1.0,99,2988,590b6f64a49ddedcf93e3722c7e015a52fe876d6958c3f1475d373def40269f6,0.7148971256466761,0.9868661919372268,0.7448754833347566,24,ec198fcee5f262d119fe9870,0.7531644056405888,0.6788363239664018,99,0.9870866396042882,0.9285752716425411,99,-2.9956130325578227,0.6685986031021464,95,42
W00,S1_CONDITION,neg_log10_mol_l,MTL_FULL,locked_common,40478,40478,0,1.0,99,2988,590b6f64a49ddedcf93e3722c7e015a52fe876d6958c3f1475d373def40269f6,0.7229496629756852,0.9969263503207828,0.7396474695497582,22,b2bbc23bb64992268a2a60dc,0.7498982453201968,0.6874398008526045,99,0.9858849503255707,0.9552887218721273,99,-3.011955554809569,0.6450324069056597,95,2042
W00,S1_CONDITION,neg_log10_mol_l,MTL_FULL,locked_common,40478,40478,0,1.0,99,2988,590b6f64a49ddedcf93e3722c7e015a52fe876d6958c3f1475d373def40269f6,0.7170971024547989,0.9929360962488648,0.7417274500237144,22,8531484bcafb91d48c251f2d,0.7387854044471474,0.6888795791228116,99,0.9752082494421506,0.9254158979108339,99,-0.9473563969522066,0.6674395856158918,95,3407
W00,S1_CONDITION,neg_log10_mol_l,MTL_FULL,locked_common,40478,40478,0,1.0,99,2988,590b6f64a49ddedcf93e3722c7e015a52fe876d6958c3f1475d373def40269f6,0.7169882433603562,0.9863037247198222,0.7451662183589547,24,af08de77035ab8f81a0c3a4d,0.7362637040902118,0.6647508240699231,99,0.9725033093136688,0.9354254852106392,99,-2.0529697013050927,0.6488248110965982,95,8417
W00,S1_CONDITION,neg_log10_mol_l,MTL_MOL,locked_common,40478,40478,0,1.0,99,2988,590b6f64a49ddedcf93e3722c7e015a52fe876d6958c3f1475d373def40269f6,0.9358479517291243,1.25637124212015,0.586503701132377,26,ef8d4bb05757cd1cc4e73271,0.8768055854940857,0.8960913943265942,99,1.1394437703397629,1.160268450925524,99,-1.0266874247479654,0.40437851107798983,95,42
W00,S1_CONDITION,neg_log10_mol_l,MTL_MOL,locked_common,40478,40478,0,1.0,99,2988,590b6f64a49ddedcf93e3722c7e015a52fe876d6958c3f1475d373def40269f6,0.9405729605456417,1.2608263552179764,0.5835659723741742,22,f707a46ed0e00ada266a057e,0.8821580624364879,0.8808875658040112,99,1.1423567876760712,1.1624321154437833,99,-1.5045299820132907,0.41072318409245534,95,2042
W00,S1_CONDITION,neg_log10_mol_l,MTL_MOL,locked_common,40478,40478,0,1.0,99,2988,590b6f64a49ddedcf93e3722c7e015a52fe876d6958c3f1475d373def40269f6,0.9324906401801566,1.2554679642837352,0.5870980601300939,21,efa00e991451ba0fc240099a,0.8790289593299997,0.8719717509893451,99,1.1399173186555935,1.1668145924526183,99,-1.0211843554810058,0.4116113287795101,95,3407
W00,S1_CONDITION,neg_log10_mol_l,MTL_MOL,locked_common,40478,40478,0,1.0,99,2988,590b6f64a49ddedcf93e3722c7e015a52fe876d6958c3f1475d373def40269f6,0.9325694894784639,1.2559151027831323,0.5868038953464592,22,f96700ac5f456c4f0a201896,0.8692746450428981,0.8832389675568386,99,1.1311415048600908,1.160959204041147,99,-0.9407800484293513,0.4288456975636714,95,8417
W00,S1_CONDITION,neg_log10_mol_l,STL_FULL,locked_common,40478,40478,0,1.0,99,2988,590b6f64a49ddedcf93e3722c7e015a52fe876d6958c3f1475d373def40269f6,0.8054887816482837,1.1163656023977595,0.6735260411253357,24,bf3135f42c96a8be3f26a8e5,0.8739262353157354,0.8806851303042749,99,1.1224842033830553,1.1976264868723885,99,-1.8206445133802034,0.4393755363821047,95,42
W00,S1_CONDITION,neg_log10_mol_l,STL_FULL,locked_common,40478,40478,0,1.0,99,2988,590b6f64a49ddedcf93e3722c7e015a52fe876d6958c3f1475d373def40269f6,0.808086824665226,1.1198051738151742,0.6715111807711047,25,f10e175032358b6651f07e62,0.8856762743013157,0.873832928603844,99,1.1345294490192137,1.1891781136184507,99,-1.2342705039011987,0.4470654175219585,95,2042
W00,S1_CONDITION,neg_log10_mol_l,STL_FULL,locked_common,40478,40478,0,1.0,99,2988,590b6f64a49ddedcf93e3722c7e015a52fe876d6958c3f1475d373def40269f6,0.8082902857358765,1.1185441301138983,0.6722506049552858,26,6414eeee71c4b9eb341a115e,0.8736344408227572,0.8985412679280895,99,1.1212461428632954,1.2213582952108242,99,-1.576755931181359,0.4419428274969879,95,3407
W00,S1_CONDITION,neg_log10_mol_l,STL_FULL,locked_common,40478,40478,0,1.0,99,2988,590b6f64a49ddedcf93e3722c7e015a52fe876d6958c3f1475d373def40269f6,0.8051810684325769,1.1142269069982214,0.6747757384132196,21,e167694563ddd5fad2f18d96,0.8756795044517809,0.8947645141937605,99,1.1238333348861984,1.1893302130710437,99,-2.2020894560562483,0.43666614045430596,95,8417
W00,S1_CONDITION,neg_log10_mol_l,STL_MOL,locked_common,40478,40478,0,1.0,99,2988,590b6f64a49ddedcf93e3722c7e015a52fe876d6958c3f1475d373def40269f6,0.9552901704789345,1.2997570729876151,0.5574523575486966,27,2a989a62ce55292b7ad55555,0.955647928228326,0.9569705136078571,99,1.2227171779365509,1.2482414512787958,99,-0.9158093720655461,0.30878017790810575,95,42
W00,S1_CONDITION,neg_log10_mol_l,STL_MOL,locked_common,40478,40478,0,1.0,99,2988,590b6f64a49ddedcf93e3722c7e015a52fe876d6958c3f1475d373def40269f6,0.95647389100902,1.3022011077528912,0.5557864789685449,25,109b629cf9c809e2de4c3476,0.9621389521320917,0.9141223602889541,99,1.2307663809103893,1.2536470747754411,99,-0.9070334686296266,0.29679010901601466,95,2042
W00,S1_CONDITION,neg_log10_mol_l,STL_MOL,locked_common,40478,40478,0,1.0,99,2988,590b6f64a49ddedcf93e3722c7e015a52fe876d6958c3f1475d373def40269f6,0.9570722717920981,1.302516087924534,0.5555715576753479,25,52b9c3bea4124d379934df05,0.9501560755279285,0.9234206867971284,99,1.2140395428725532,1.2863753921155496,99,-0.6319696783932209,0.33368442680606036,95,3407
W00,S1_CONDITION,neg_log10_mol_l,STL_MOL,locked_common,40478,40478,0,1.0,99,2988,590b6f64a49ddedcf93e3722c7e015a52fe876d6958c3f1475d373def40269f6,0.9560120392351614,1.3000339949566497,0.5572637619683984,30,2f1ea5541e4ffeb1a2e16dbf,0.9663177667568288,0.9287847095533109,99,1.2380164948004138,1.2917482694611286,99,-1.0273761425161638,0.2945727395033858,95,8417
W00,S2_COMBINATION,neg_log10_mol_l,MTL_FULL,locked_common,40489,40489,0,1.0,96,2835,496574c39785394efaec735725a1de14ee6709f6d98836d5c56190fc87492c5c,0.740722515154241,1.0088153590766322,0.7343290454707815,26,83fed95445f545217292fd48,0.8459839092092896,0.7676259006761343,96,1.0604849037627093,0.9830734329818571,96,-8.894895588625497,0.6164547671749556,93,42
W00,S2_COMBINATION,neg_log10_mol_l,MTL_FULL,locked_common,40489,40489,0,1.0,96,2835,496574c39785394efaec735725a1de14ee6709f6d98836d5c56190fc87492c5c,0.7478702289718157,1.01390807331456,0.7316399481616614,25,291c52c62469d0e4df3b0ecb,0.8495614686191594,0.7369904223582291,96,1.057532672081342,0.9857780474148748,96,-9.10640087525865,0.6297139759940411,93,2042
W00,S2_COMBINATION,neg_log10_mol_l,MTL_FULL,locked_common,40489,40489,0,1.0,96,2835,496574c39785394efaec735725a1de14ee6709f6d98836d5c56190fc87492c5c,0.7461670906555918,1.0129095182424637,0.7321682807406928,26,8d2d352fdaa29eaf8095e3fb,0.8475182552322219,0.7446224703599827,96,1.0542674924040927,0.9727508050369909,96,-8.482045626169802,0.618309549064767,93,3407
W00,S2_COMBINATION,neg_log10_mol_l,MTL_FULL,locked_common,40489,40489,0,1.0,96,2835,496574c39785394efaec735725a1de14ee6709f6d98836d5c56190fc87492c5c,0.7395300189203862,1.0047844519411462,0.7364478781350954,26,c9d9294dfd36b5e24bcd7a8d,0.8471871549434432,0.732540668871907,96,1.0560110278549735,0.9681317140421977,96,-10.771042564727187,0.6318735913393201,93,8417
W00,S2_COMBINATION,neg_log10_mol_l,MTL_MOL,locked_common,40489,40489,0,1.0,96,2835,496574c39785394efaec735725a1de14ee6709f6d98836d5c56190fc87492c5c,0.9664923949394936,1.2829680140572977,0.5703128532538309,30,873b71f3d137edf0cb3d5c3c,0.9617252846743165,0.9607626603826876,96,1.2018373031924223,1.24966764429568,96,-8.67557426213755,0.3542141933266265,93,42
W00,S2_COMBINATION,neg_log10_mol_l,MTL_MOL,locked_common,40489,40489,0,1.0,96,2835,496574c39785394efaec735725a1de14ee6709f6d98836d5c56190fc87492c5c,0.9685997757579868,1.28492017611623,0.5690042358780782,32,6ff3e93e21276f20ad673139,0.9724465828439603,0.9760170431136507,96,1.2120292812541378,1.2516662264259915,96,-9.95952222272266,0.3270103656421065,93,2042
W00,S2_COMBINATION,neg_log10_mol_l,MTL_MOL,locked_common,40489,40489,0,1.0,96,2835,496574c39785394efaec735725a1de14ee6709f6d98836d5c56190fc87492c5c,0.9716954359892344,1.289195362154032,0.5661314466807097,30,06e7fb3ef65e955ce74e8034,0.9748641188002719,0.9248405325386186,96,1.2075319788177683,1.2171386854302444,96,-8.86682503244677,0.35365577554468586,93,3407
W00,S2_COMBINATION,neg_log10_mol_l,MTL_MOL,locked_common,40489,40489,0,1.0,96,2835,496574c39785394efaec735725a1de14ee6709f6d98836d5c56190fc87492c5c,0.9715978396061933,1.2898834748727503,0.5656681652343785,29,39e1c21798a8b944244fdab1,0.992989876039354,0.9697792721195637,96,1.2310884616885773,1.2466679351279577,96,-10.203391912834578,0.31996396680748773,93,8417
W00,S2_COMBINATION,neg_log10_mol_l,STL_FULL,locked_common,40489,40489,0,1.0,96,2835,496574c39785394efaec735725a1de14ee6709f6d98836d5c56190fc87492c5c,0.8677684367473195,1.172184827623835,0.6413152633969523,26,652f0bbd405ff637db62e760,0.9625421832794022,0.9643096238609867,96,1.2035610311499785,1.2244224451171064,96,-9.044154982209571,0.3671019509066813,93,42
W00,S2_COMBINATION,neg_log10_mol_l,STL_FULL,locked_common,40489,40489,0,1.0,96,2835,496574c39785394efaec735725a1de14ee6709f6d98836d5c56190fc87492c5c,0.8738252028760501,1.1808426382580746,0.6359971721589659,24,bd4c9375055f0546afca4344,0.9722154562422171,0.9909060765079026,96,1.210331595332683,1.260262238012305,96,-9.545402015906255,0.3505030222079699,93,2042
W00,S2_COMBINATION,neg_log10_mol_l,STL_FULL,locked_common,40489,40489,0,1.0,96,2835,496574c39785394efaec735725a1de14ee6709f6d98836d5c56190fc87492c5c,0.8713926213812105,1.1758255591111064,0.639083699285607,23,ab0525b5a9b6728894da00de,0.950774861552126,0.97172926592042,96,1.1899871796120731,1.2227983772828348,96,-8.69047947129654,0.3720143578993924,93,3407
W00,S2_COMBINATION,neg_log10_mol_l,STL_FULL,locked_common,40489,40489,0,1.0,96,2835,496574c39785394efaec735725a1de14ee6709f6d98836d5c56190fc87492c5c,0.8698224114197325,1.1759358520864271,0.6390159878818626,25,7e49034b2a2f48c040ab19cc,0.9553736377105558,0.9891165438773379,96,1.1972530592713222,1.259470656574968,96,-8.793273990172665,0.3613133719799667,93,8417
W00,S2_COMBINATION,neg_log10_mol_l,STL_MOL,locked_common,40489,40489,0,1.0,96,2835,496574c39785394efaec735725a1de14ee6709f6d98836d5c56190fc87492c5c,0.9797882898321606,1.3213752833155625,0.5442013204845956,28,b5aaa776f0c18201174c307f,1.0194868419863623,1.0212322657450748,96,1.276093732826044,1.350623446819282,96,-9.900818788534371,0.246855833586893,93,42
W00,S2_COMBINATION,neg_log10_mol_l,STL_MOL,locked_common,40489,40489,0,1.0,96,2835,496574c39785394efaec735725a1de14ee6709f6d98836d5c56190fc87492c5c,0.9798145636691742,1.3217211341779398,0.5439626918404059,24,cfa7b9f326849d66af077ed5,1.0236647380911947,1.036919473610465,96,1.2755932962466316,1.349536107453432,96,-9.51983344879173,0.2450653128904483,93,2042
W00,S2_COMBINATION,neg_log10_mol_l,STL_MOL,locked_common,40489,40489,0,1.0,96,2835,496574c39785394efaec735725a1de14ee6709f6d98836d5c56190fc87492c5c,0.9789060593777799,1.3209713318873992,0.5444799580322461,26,9b650b5d1605cd0c31b28576,1.0102201657608583,1.0449681639188744,96,1.2635367369117894,1.358306167944428,96,-9.559652753206695,0.24284608899154325,93,3407
W00,S2_COMBINATION,neg_log10_mol_l,STL_MOL,locked_common,40489,40489,0,1.0,96,2835,496574c39785394efaec735725a1de14ee6709f6d98836d5c56190fc87492c5c,0.9808048286395469,1.3202878311455457,0.5449512290276759,27,d8cb073f0c76099a24af1a66,1.0278862706182117,1.0271608594870618,96,1.2798272876547807,1.3298522247436781,96,-10.1927341610565,0.2380481652257458,93,8417
W00,S3_PARENT,neg_log10_mol_l,MTL_FULL,locked_common,40410,40410,0,1.0,92,1033,d87bcedf5a8b86d1a4787dff8d94f35fa84f744d2eeb0b0061b5c05bf66a7e58,1.069282564154595,1.3811621335826025,0.5087688912228752,28,a64f45e793c93b31e027f07d,1.0594319525810405,1.015806721874945,92,1.3166894240626235,1.306930031705445,92,-18.00071690475266,0.30359799057007086,91,42
W00,S3_PARENT,neg_log10_mol_l,MTL_FULL,locked_common,40410,40410,0,1.0,92,1033,d87bcedf5a8b86d1a4787dff8d94f35fa84f744d2eeb0b0061b5c05bf66a7e58,1.065594927473818,1.3746525327877444,0.5133884542742088,24,4ea0e26b25ebebff8d0a5290,1.0269918707880168,1.0283265386275267,92,1.2801785058541024,1.3284307004755238,92,-14.74869832776657,0.34402227019483056,91,2042
W00,S3_PARENT,neg_log10_mol_l,MTL_FULL,locked_common,40410,40410,0,1.0,92,1033,d87bcedf5a8b86d1a4787dff8d94f35fa84f744d2eeb0b0061b5c05bf66a7e58,1.0548163351977706,1.3608866837234073,0.523085567901307,24,d61bbaf5354917ec86a29310,1.0369098555000165,1.043190512850412,92,1.2956049595036871,1.3020980623015828,92,-17.183643437007415,0.3491927638149668,91,3407
W00,S3_PARENT,neg_log10_mol_l,MTL_FULL,locked_common,40410,40410,0,1.0,92,1033,d87bcedf5a8b86d1a4787dff8d94f35fa84f744d2eeb0b0061b5c05bf66a7e58,1.069079433973084,1.3761847393641977,0.5123030819130632,29,87bd2a8c322437104c7a459c,1.046747447279335,1.0494546292620406,92,1.3100260437708429,1.3333979869354233,92,-12.932292215352039,0.3280477155708069,91,8417
W00,S3_PARENT,neg_log10_mol_l,MTL_MOL,locked_common,40410,40410,0,1.0,92,1033,d87bcedf5a8b86d1a4787dff8d94f35fa84f744d2eeb0b0061b5c05bf66a7e58,1.1837621069481676,1.5064876519395969,0.41557647620636673,28,9cfb8e6074f675d5c8ebefd8,1.112236827110643,1.1561418980105915,92,1.3727513480026126,1.4797003005178682,92,-18.358514554560006,0.19863677651026823,91,42
W00,S3_PARENT,neg_log10_mol_l,MTL_MOL,locked_common,40410,40410,0,1.0,92,1033,d87bcedf5a8b86d1a4787dff8d94f35fa84f744d2eeb0b0061b5c05bf66a7e58,1.1783372011527173,1.5017740067675789,0.4192279570919938,29,ffac44ec194f54b9c3a66345,1.1205160166541175,1.1661675567816516,92,1.3802721869374288,1.4679404167226164,92,-17.585921473200276,0.192480840458779,91,2042
W00,S3_PARENT,neg_log10_mol_l,MTL_MOL,locked_common,40410,40410,0,1.0,92,1033,d87bcedf5a8b86d1a4787dff8d94f35fa84f744d2eeb0b0061b5c05bf66a7e58,1.1758087030865239,1.5057206256750328,0.41617144168678466,27,eefbbadc0658725074c76f52,1.1114012602507195,1.139538394829747,92,1.3783746128683256,1.4756237389408835,92,-17.218864136850506,0.18789384808067888,91,3407
W00,S3_PARENT,neg_log10_mol_l,MTL_MOL,locked_common,40410,40410,0,1.0,92,1033,d87bcedf5a8b86d1a4787dff8d94f35fa84f744d2eeb0b0061b5c05bf66a7e58,1.1735845352553376,1.4970393363970482,0.42288420570903895,27,4f9d0ca11027bd7a1bf57b92,1.115771865013527,1.1711502005372079,92,1.3767433748194928,1.43038769800709,92,-14.548222357928212,0.1588662490196866,91,8417
W00,S3_PARENT,neg_log10_mol_l,STL_FULL,locked_common,40410,40410,0,1.0,92,1033,d87bcedf5a8b86d1a4787dff8d94f35fa84f744d2eeb0b0061b5c05bf66a7e58,1.091852102910856,1.4094025552129101,0.48847525800120295,24,45ac8ed295cb505a71ad52ae,1.085258825551364,1.1058668619362773,92,1.3600028905023804,1.378032961533957,92,-23.385162655121235,0.27974774391527013,91,42
W00,S3_PARENT,neg_log10_mol_l,STL_FULL,locked_common,40410,40410,0,1.0,92,1033,d87bcedf5a8b86d1a4787dff8d94f35fa84f744d2eeb0b0061b5c05bf66a7e58,1.0908535992559307,1.4090493809565845,0.48873158609529155,26,6501370706ab41eefb43fe05,1.082996500194005,1.1075752202211153,92,1.3537905736983362,1.3743206087169284,92,-19.235065664848346,0.2778719939330241,91,2042
W00,S3_PARENT,neg_log10_mol_l,STL_FULL,locked_common,40410,40410,0,1.0,92,1033,d87bcedf5a8b86d1a4787dff8d94f35fa84f744d2eeb0b0061b5c05bf66a7e58,1.0850441925122873,1.3965141966466352,0.4977878146563022,25,00747dde513f761ee24bfdbc,1.075909682154903,1.0816653475812514,92,1.343131591077879,1.3639549280054466,92,-20.11795209166939,0.2795067516004853,91,3407
W00,S3_PARENT,neg_log10_mol_l,STL_FULL,locked_common,40410,40410,0,1.0,92,1033,d87bcedf5a8b86d1a4787dff8d94f35fa84f744d2eeb0b0061b5c05bf66a7e58,1.0655044040690897,1.3836955934518897,0.5069651121096087,28,ea19e5503b3f8b0c85bf8971,1.0737402509009646,1.075784181880945,92,1.3464949813909604,1.3583960376381845,92,-21.23343132342635,0.26333219978549927,91,8417
W00,S3_PARENT,neg_log10_mol_l,STL_MOL,locked_common,40410,40410,0,1.0,92,1033,d87bcedf5a8b86d1a4787dff8d94f35fa84f744d2eeb0b0061b5c05bf66a7e58,1.1941413820237723,1.5304145857269043,0.3968647266857698,31,f581d21930672418eef41e60,1.172809974399894,1.2305611530111131,92,1.4514934445019498,1.5578355983348628,92,-17.39466719716089,0.16146503658445566,91,42
W00,S3_PARENT,neg_log10_mol_l,STL_MOL,locked_common,40410,40410,0,1.0,92,1033,d87bcedf5a8b86d1a4787dff8d94f35fa84f744d2eeb0b0061b5c05bf66a7e58,1.198714151269278,1.538875658938703,0.39017728592564427,33,51c80df1820cebc039ad0b99,1.175487636928255,1.231918440975055,92,1.4517872805526348,1.5556487815273599,92,-19.468565035928865,0.15284527754380484,91,2042
W00,S3_PARENT,neg_log10_mol_l,STL_MOL,locked_common,40410,40410,0,1.0,92,1033,d87bcedf5a8b86d1a4787dff8d94f35fa84f744d2eeb0b0061b5c05bf66a7e58,1.1935033468491965,1.5305591295216205,0.3967507920972141,31,8d259e09cffae7dcbc437a8a,1.1880727801900621,1.228237085053744,92,1.4669581308766166,1.5523227543357083,92,-22.77885180986489,0.14652767302379544,91,3407
W00,S3_PARENT,neg_log10_mol_l,STL_MOL,locked_common,40410,40410,0,1.0,92,1033,d87bcedf5a8b86d1a4787dff8d94f35fa84f744d2eeb0b0061b5c05bf66a7e58,1.1915684378448348,1.52981343000424,0.3973384636888806,30,3c14cba5f406f6dca66a78f4,1.1887776457667125,1.2283339884571576,92,1.4651032086751068,1.5510148969886746,92,-24.575628669545605,0.15146400426492157,91,8417
W00,S_SOURCE,neg_log10_mol_l,MTL_FULL,locked_common,40485,40485,0,1.0,98,2636,25ba3f256ad4fd76c623d758b31fdbda483f49e5c766b00935a12575c0693eb0,0.7987900151444609,1.0884992009422307,0.693788680174213,21,2eb3a9718d588c642c18ae8d,0.806473646884913,0.7935514627146498,98,1.0343877768053946,1.0579713197703695,98,-0.5724982501482814,0.5658752500514364,94,42
W00,S_SOURCE,neg_log10_mol_l,MTL_FULL,locked_common,40485,40485,0,1.0,98,2636,25ba3f256ad4fd76c623d758b31fdbda483f49e5c766b00935a12575c0693eb0,0.8000672706662741,1.0877079349945113,0.6942337085656216,23,fe277af1ccae79a29a8e49eb,0.8035991494923664,0.7941412811677413,98,1.0366974761099121,1.0654449348841109,98,-2.1441063244980847,0.5537030846015686,94,2042
W00,S_SOURCE,neg_log10_mol_l,MTL_FULL,locked_common,40485,40485,0,1.0,98,2636,25ba3f256ad4fd76c623d758b31fdbda483f49e5c766b00935a12575c0693eb0,0.8030754734890891,1.0952853161143783,0.6899587044532746,22,9a06c19c395fb48927989d2c,0.8046180380771409,0.7846817981029395,98,1.0365553589753511,1.0482681038618997,98,-0.6496010495259595,0.5649542465452699,94,3407
W00,S_SOURCE,neg_log10_mol_l,MTL_FULL,locked_common,40485,40485,0,1.0,98,2636,25ba3f256ad4fd76c623d758b31fdbda483f49e5c766b00935a12575c0693eb0,0.8133104367384465,1.1007893125424602,0.6868348538901496,20,e7770fb6faaae27fa8116ab8,0.8234211027262712,0.806127346737184,98,1.0507122941669746,1.0608583604519493,98,-2.097982848555839,0.5403550665020092,94,8417
W00,S_SOURCE,neg_log10_mol_l,STL_FULL,locked_common,40485,40485,0,1.0,98,2636,25ba3f256ad4fd76c623d758b31fdbda483f49e5c766b00935a12575c0693eb0,0.8372397299026219,1.1477762274673973,0.6595295198467065,26,c440985835861a581b561087,0.8765167636910187,0.9046357821771529,98,1.1316171291460226,1.204981829947001,98,-0.9585517189820211,0.4766756683329718,94,42
W00,S_SOURCE,neg_log10_mol_l,STL_FULL,locked_common,40485,40485,0,1.0,98,2636,25ba3f256ad4fd76c623d758b31fdbda483f49e5c766b00935a12575c0693eb0,0.8343132199166874,1.1422214712335412,0.6628170145605738,25,b81b2dbf426052e9b3d1d20d,0.8769426894711135,0.8865689805870407,98,1.1331134411154136,1.1691497503716204,98,-0.27958164971000504,0.43601330516502507,94,2042
W00,S_SOURCE,neg_log10_mol_l,STL_FULL,locked_common,40485,40485,0,1.0,98,2636,25ba3f256ad4fd76c623d758b31fdbda483f49e5c766b00935a12575c0693eb0,0.8316669563287027,1.140792271198707,0.663660284377738,26,7cfff39b3de7dd381d4e35dc,0.8721134846558561,0.8976788840459079,98,1.1272657581125054,1.1695733916127227,98,-0.5245018069273562,0.45942457144775956,94,3407
W00,S_SOURCE,neg_log10_mol_l,STL_FULL,locked_common,40485,40485,0,1.0,98,2636,25ba3f256ad4fd76c623d758b31fdbda483f49e5c766b00935a12575c0693eb0,0.8342011401794284,1.1379295393549895,0.6653462044849916,22,8d23db0d94f0810e7ce83d9f,0.8677745031898245,0.901717241958953,98,1.1256408109880043,1.218868569403057,98,-0.5063021438019549,0.46227354667511006,94,8417
