route,split_id,target_scale,model,pooled_mae_seed_mean,pooled_mae_seed_std,pooled_rmse_seed_mean,pooled_rmse_seed_std,pooled_r2_seed_mean,pooled_r2_seed_std,task_macro_mae_seed_mean,task_macro_mae_seed_std,task_macro_rmse_seed_mean,task_macro_rmse_seed_std,task_macro_r2_seed_mean,task_macro_r2_seed_std
M00,S1_CONDITION,neg_log10_mol_kg,MTL_FULL,0.6440514498315869,0.005094405802962967,0.8693515779216319,0.005246135267380129,0.6119151467042334,0.004692976214684562,0.6752259948390181,0.006486739224361421,0.9004957616049971,0.009357460844111435,0.5587301944425891,0.00634364106144054
M00,S1_CONDITION,neg_log10_mol_kg,MTL_MOL,0.7997592725654293,0.004485271123249775,1.0887731566715513,0.006065567969675241,0.39129221365868216,0.006770721166854547,0.8324954226092195,0.004514877586298897,1.1192699247839175,0.005556199004347582,0.3291746157351095,0.006058315876479097
M00,S1_CONDITION,neg_log10_mol_kg,STL_FULL,0.7580016306974947,0.005448822439029464,1.0292514772869885,0.006249238275805464,0.45602499645960826,0.006623431548833909,0.8047598771796993,0.005223743021081499,1.0725351270620023,0.006142729704108191,0.38140140726840954,0.006266061999580296
M00,S1_CONDITION,neg_log10_mol_kg,STL_MOL,0.8484069886974858,0.006638203155678043,1.149301900124676,0.004897004074071287,0.32173703975501233,0.005788711201915946,0.8898648921525109,0.007755685930355532,1.1821055855621503,0.007065942626615574,0.25699313400273205,0.008706246124760678
M00,S2_COMBINATION,neg_log10_mol_kg,MTL_FULL,0.6973092726710732,0.006289216525553279,0.9543708032490422,0.008598163547791537,0.5154907435798102,0.008705909211314984,0.7114689524041226,0.012353905136257894,0.952065898519134,0.015032812344546053,0.47313316979753156,0.018684936133814254
M00,S2_COMBINATION,neg_log10_mol_kg,MTL_MOL,0.8230861139758386,0.005234364795388423,1.1135453239427942,0.00415191592239199,0.34042880958794164,0.004915510615358439,0.8363999372363357,0.005641239449702486,1.112052196101078,0.002579280361958367,0.29507115315086696,0.0037997104394550405
M00,S2_COMBINATION,neg_log10_mol_kg,STL_FULL,0.8348207035291414,0.0050139662469928055,1.1147824835661737,0.005172974686902154,0.3389586324302172,0.0061253393049672525,0.8578736653376644,0.00431007526578897,1.1267788409498771,0.004402155925686531,0.273360946678359,0.006768509527388089
M00,S2_COMBINATION,neg_log10_mol_kg,STL_MOL,0.8863810165813641,0.008311330723294076,1.1835011718541817,0.0027432233380566807,0.25495846113386955,0.0034506989382004946,0.9006773286202047,0.010216599805622452,1.183077670066713,0.005832643066599454,0.204153783476866,0.008480202962995297
M00,S3_PARENT,neg_log10_mol_kg,MTL_FULL,0.9126112574573444,0.02361202195331039,1.1764660406590086,0.02996388834335098,0.28018386352677316,0.03685751046286548,0.9453037392698955,0.028345437594229153,1.2045583906774047,0.032719533289976774,0.2021242113550824,0.04206833696932161
M00,S3_PARENT,neg_log10_mol_kg,MTL_MOL,0.9864339799767669,0.020118249993540744,1.2575916021890123,0.021039955381523978,0.17771576304434855,0.027502553323336305,1.0123592782647592,0.027354887651190183,1.2846254907236936,0.02361248963162656,0.09531894092410736,0.03141737051764721
M00,S3_PARENT,neg_log10_mol_kg,STL_FULL,0.9551966684365553,0.004845320403249271,1.2171249416918029,0.0029507900032538403,0.22994138233605382,0.003735693828129767,0.9963838372026455,0.006053568567630609,1.2547746502047543,0.004655536985811978,0.13551925049216426,0.005581958738279249
M00,S3_PARENT,neg_log10_mol_kg,STL_MOL,1.0133770674701421,0.009309531165960425,1.2767858095502465,0.00942071305066759,0.1525669972834046,0.01252847837180821,1.0474195395356265,0.013012199763317517,1.3148310053253358,0.01575387900867384,0.05183048576617484,0.023135264589814006
M00,S_SOURCE,neg_log10_mol_kg,MTL_FULL,0.6667553112437169,0.0027425529074888,0.9186662556766272,0.005991286460243758,0.5555992506387445,0.005797731287485335,0.6815915718660251,0.006770913067802853,0.927150321683763,0.008885594925979677,0.4961711618612726,0.010652195720137701
M00,S_SOURCE,neg_log10_mol_kg,STL_FULL,0.7387031106964062,0.00446271657261669,1.0131891517075853,0.0038886257340009383,0.4594557390898381,0.004142780057851068,0.7678832541220868,0.0028040739766425817,1.0338855150635144,0.0043747073305543185,0.38662198536969883,0.0036864288931243903
W00,S1_CONDITION,neg_log10_mol_l,MTL_FULL,0.7179830336093791,0.0034624036384538373,0.9907580908066742,0.0050918034521279685,0.742854155316796,0.0026447243645346427,0.7445279398745361,0.008260408136438404,0.9801707871714196,0.007391384012010022,-2.251973671406173,0.9784683226817809
W00,S1_CONDITION,neg_log10_mol_l,MTL_MOL,0.9353702604833466,0.0038049445101881714,1.2571451661012485,0.002481677748679969,0.5859929072457761,0.0016360509224707077,0.8768168130758678,0.005486558134147373,1.1382148453828795,0.004885232983369712,-1.1232954526679033,0.257171425562051
W00,S1_CONDITION,neg_log10_mol_l,STL_FULL,0.8067617401204907,0.0016544129881368099,1.1172354533312634,0.0024579184941338917,0.6730158913162364,0.0014384171475817233,0.8772291137228974,0.005703405116308832,1.1255232825379407,0.0060963618566080855,-1.7084401011297523,0.4076178943155386
W00,S1_CONDITION,neg_log10_mol_l,STL_MOL,0.9562120931288035,0.000752420183048436,1.3011270659054226,0.0014323212807170055,0.556518539040247,0.0009763981212279185,0.9585651806612937,0.007120342795957183,1.2263848991299768,0.010333624732042314,-0.8705471654011394,0.16822055269335248
W00,S2_COMBINATION,neg_log10_mol_l,MTL_FULL,0.7435724634255086,0.00406884266428054,1.0101043506437004,0.004175328046168847,0.7336462881270578,0.002200376487061599,0.8475626970010285,0.0014866815149429708,1.0570740240257794,0.0026363509643284625,-9.313596163695284,1.0056285542640944
W00,S2_COMBINATION,neg_log10_mol_l,MTL_MOL,0.969596361573227,0.0025192472335237824,1.2867417568000774,0.003339154691313575,0.5677791752617494,0.002242890285150935,0.9755064655894756,0.012979035405724683,1.2131217562382264,0.012683066118303183,-9.42632835753539,0.7669852561358671
W00,S2_COMBINATION,neg_log10_mol_l,STL_FULL,0.8707021681060781,0.0025567442455936354,1.1761972192698606,0.0035536670438359296,0.638853030680847,0.002183138482387621,0.9602265346960752,0.00934489526556473,1.2002832163415142,0.00869682345213442,-9.018327614896258,0.3814918157118593
W00,S2_COMBINATION,neg_log10_mol_l,STL_MOL,0.9798284353796654,0.0007758705596796386,1.3210888951316118,0.0006157025877728321,0.5443987998462309,0.0004246382549440729,1.0203145041141568,0.007552845094874018,1.2737627634098114,0.007074233554295448,-9.793259787897323,0.31648218644056064
W00,S3_PARENT,neg_log10_mol_l,MTL_FULL,1.064693315199817,0.006798697976220392,1.373221522364488,0.008680053698712204,0.5143864988278635,0.006125575807495458,1.0425202815371022,0.013862202427471724,1.300624733297814,0.01622452129343547,-15.71633772121967,2.313627000494123
W00,S3_PARENT,neg_log10_mol_l,MTL_MOL,1.1778731366106867,0.004379852162485659,1.5027554051948142,0.004334312080519958,0.41846502017354603,0.003352385323114622,1.1149814922572518,0.004147565445775413,1.3770353806569648,0.003199409372882837,-16.92788063063475,1.656016915223634
W00,S3_PARENT,neg_log10_mol_l,STL_FULL,1.083313574687041,0.012246360423743696,1.399665431567005,0.012217966197205533,0.4954899427156013,0.008790921717444696,1.079476314700309,0.005521244825722218,1.350855009167389,0.007549002168742707,-20.99290293376633,1.7922324366306097
W00,S3_PARENT,neg_log10_mol_l,STL_MOL,1.1944818294967705,0.003026203963003017,1.532415701047867,0.0043187263128432055,0.3952828170993772,0.003413186194779039,1.1812870093212309,0.008319638651059945,1.4588355161515771,0.008343550017975819,-21.05442817812506,3.2291021510654887
W00,S_SOURCE,neg_log10_mol_l,MTL_FULL,0.8038107990095676,0.00658296021756586,1.0930704411483951,0.006168180606574103,0.6912039867708147,0.003488070351105591,0.8095279842951729,0.009338207728452185,1.039588226514408,0.007490978612647262,-1.366047118182041,0.8725672499739667
W00,S_SOURCE,neg_log10_mol_l,STL_FULL,0.8343552615818601,0.0022783520020641557,1.1421798773136587,0.004135685698509799,0.6628382558175026,0.002443612243383327,0.8733368602519532,0.004303109502645316,1.1294092848404864,0.003530413205135313,-0.5672343298553343,0.2836736171734174
