route,split_id,first,second,n_paired_tasks,mae_first_better,mae_first_worse,mae_equal,r2_both_defined,r2_first_better,r2_first_worse,r2_equal
M00,S1_CONDITION,MTL_FULL,MTL_MOL,16,15,1,0,16,16,0,0
M00,S1_CONDITION,MTL_FULL,STL_FULL,16,16,0,0,16,15,1,0
M00,S1_CONDITION,STL_FULL,STL_MOL,16,14,2,0,16,15,1,0
M00,S2_COMBINATION,MTL_FULL,MTL_MOL,16,14,2,0,16,14,2,0
M00,S2_COMBINATION,MTL_FULL,STL_FULL,16,15,1,0,16,14,2,0
M00,S2_COMBINATION,STL_FULL,STL_MOL,16,14,2,0,16,12,4,0
M00,S3_PARENT,MTL_FULL,MTL_MOL,16,13,3,0,16,15,1,0
M00,S3_PARENT,MTL_FULL,STL_FULL,16,14,2,0,16,14,2,0
M00,S3_PARENT,STL_FULL,STL_MOL,16,13,3,0,16,12,4,0
M00,S_SOURCE,MTL_FULL,STL_FULL,16,15,1,0,16,15,1,0
W00,S1_CONDITION,MTL_FULL,MTL_MOL,99,73,26,0,95,72,23,0
W00,S1_CONDITION,MTL_FULL,STL_FULL,99,81,18,0,95,75,20,0
W00,S1_CONDITION,STL_FULL,STL_MOL,99,79,20,0,95,78,17,0
W00,S2_COMBINATION,MTL_FULL,MTL_MOL,96,69,27,0,93,67,26,0
W00,S2_COMBINATION,MTL_FULL,STL_FULL,96,68,28,0,93,68,25,0
W00,S2_COMBINATION,STL_FULL,STL_MOL,96,69,27,0,93,67,26,0
W00,S3_PARENT,MTL_FULL,MTL_MOL,92,70,22,0,91,65,26,0
W00,S3_PARENT,MTL_FULL,STL_FULL,92,65,27,0,91,68,23,0
W00,S3_PARENT,STL_FULL,STL_MOL,92,78,14,0,91,77,14,0
W00,S_SOURCE,MTL_FULL,STL_FULL,98,70,28,0,94,73,21,0
