hypothesis_id,statistics_source,recomputed_macro_difference,registered_macro_difference,macro_error,recomputed_pooled_difference,registered_pooled_difference,pooled_error,passed
W00/S1_CONDITION/MTL_FULL_minus_STL_FULL,core,-0.13717938756702885,-0.13717938756702877,-8.326672684688674e-17,-0.09170792446028952,-0.09170792446028947,-5.551115123125783e-17,True
W00/S2_COMBINATION/MTL_FULL_minus_STL_FULL,core,-0.11872181530629777,-0.11872181530629766,-1.1102230246251565e-16,-0.12927315654837446,-0.1292731565483744,-5.551115123125783e-17,True
W00/S3_PARENT/MTL_FULL_minus_STL_FULL,core,-0.051829657407759244,-0.05182965740775914,-1.0408340855860843e-16,-0.029622356865883548,-0.029622356865883562,1.3877787807814457e-17,True
M00/S1_CONDITION/MTL_FULL_minus_STL_FULL,core,-0.13555603192498145,-0.13555603192498136,-8.326672684688674e-17,-0.12015453913835439,-0.1201545391383543,-8.326672684688674e-17,True
M00/S2_COMBINATION/MTL_FULL_minus_STL_FULL,core,-0.15636957923793793,-0.15636957923793796,2.7755575615628914e-17,-0.1459525333830235,-0.1459525333830235,0.0,True
M00/S3_PARENT/MTL_FULL_minus_STL_FULL,core,-0.0668900899585223,-0.06689008995852225,-5.551115123125783e-17,-0.05451864129225059,-0.054518641292250446,-1.457167719820518e-16,True
W00/S1_CONDITION/MTL_FULL_minus_MTL_MOL,core,-0.13671309289876532,-0.1367130928987653,-2.7755575615628914e-17,-0.23517611190282084,-0.2351761119028208,-2.7755575615628914e-17,True
W00/S1_CONDITION/STL_FULL_minus_STL_MOL,core,-0.08879837254208078,-0.0887983725420809,1.1102230246251565e-16,-0.16972309936884822,-0.16972309936884827,5.551115123125783e-17,True
W00/S1_CONDITION/sharing_context_interaction,core,-0.04791472035668454,-0.04791472035668438,-1.5959455978986625e-16,-0.06545301253397262,-0.06545301253397257,-5.551115123125783e-17,True
W00/S2_COMBINATION/MTL_FULL_minus_MTL_MOL,core,-0.12831417889268093,-0.12831417889268085,-8.326672684688674e-17,-0.2414588476472722,-0.24145884764727235,1.3877787807814457e-16,True
W00/S2_COMBINATION/STL_FULL_minus_STL_MOL,core,-0.0668239381135427,-0.06682393811354263,-6.938893903907228e-17,-0.1327009015129157,-0.13270090151291597,2.7755575615628914e-16,True
W00/S2_COMBINATION/sharing_context_interaction,core,-0.06149024077913823,-0.06149024077913821,-2.0816681711721685e-17,-0.10875794613435652,-0.10875794613435635,-1.6653345369377348e-16,True
W00/S3_PARENT/MTL_FULL_minus_MTL_MOL,core,-0.08473534013551842,-0.08473534013551853,1.1102230246251565e-16,-0.1288574778360556,-0.12885747783605567,5.551115123125783e-17,True
W00/S3_PARENT/STL_FULL_minus_STL_MOL,core,-0.10645856360255124,-0.10645856360255103,-2.0816681711721685e-16,-0.12218950138530493,-0.12218950138530457,-3.608224830031759e-16,True
W00/S3_PARENT/sharing_context_interaction,core,0.021723223467032815,0.02172322346703251,3.0531133177191805e-16,-0.006667976450750679,-0.006667976450751036,3.5735303605122226e-16,True
M00/S1_CONDITION/MTL_FULL_minus_MTL_MOL,core,-0.1679801683005564,-0.16798016830055618,-2.220446049250313e-16,-0.1672744396915672,-0.1672744396915672,0.0,True
M00/S1_CONDITION/STL_FULL_minus_STL_MOL,core,-0.08858874437608011,-0.08858874437608011,0.0,-0.09633392677455044,-0.09633392677455055,1.1102230246251565e-16,True
M00/S1_CONDITION/sharing_context_interaction,core,-0.07939142392447629,-0.07939142392447605,-2.3592239273284576e-16,-0.07094051291701675,-0.07094051291701663,-1.249000902703301e-16,True
M00/S2_COMBINATION/MTL_FULL_minus_MTL_MOL,core,-0.13773057400294064,-0.13773057400294064,0.0,-0.13847661195444927,-0.13847661195444919,-8.326672684688674e-17,True
M00/S2_COMBINATION/STL_FULL_minus_STL_MOL,core,-0.0478328003141929,-0.047832800314192965,6.245004513516506e-17,-0.056474208761800204,-0.05647420876180013,-7.632783294297951e-17,True
M00/S2_COMBINATION/sharing_context_interaction,core,-0.08989777368874774,-0.08989777368874768,-5.551115123125783e-17,-0.08200240319264906,-0.08200240319264906,0.0,True
M00/S3_PARENT/MTL_FULL_minus_MTL_MOL,core,-0.07504581168989843,-0.07504581168989845,1.3877787807814457e-17,-0.08208963719443896,-0.08208963719443921,2.498001805406602e-16,True
M00/S3_PARENT/STL_FULL_minus_STL_MOL,core,-0.053465262929093926,-0.05346526292909384,-8.326672684688674e-17,-0.06271063276582245,-0.0627106327658227,2.498001805406602e-16,True
M00/S3_PARENT/sharing_context_interaction,core,-0.021580548760804508,-0.021580548760804594,8.673617379884035e-17,-0.01937900442861651,-0.019379004428616474,-3.469446951953614e-17,True
W00/S_SOURCE/MTL_FULL_minus_STL_FULL,core,-0.07323885190482748,-0.07323885190482739,-9.71445146547012e-17,-0.03855691842082887,-0.038556918420828847,-2.0816681711721685e-17,True
M00/S_SOURCE/MTL_FULL_minus_STL_FULL,core,-0.09046566843809012,-0.09046566843809004,-8.326672684688674e-17,-0.07587745485631148,-0.07587745485631145,-2.7755575615628914e-17,True
W00/S3_PARENT/C1_minus_C0,sensitivity,0.025488134296887788,0.025488134296887555,2.3245294578089215e-16,0.024642020256073538,0.02464202025607383,-2.914335439641036e-16,True
W00/S3_PARENT/C2_minus_C1,sensitivity,0.00969677077017117,0.00969677077017134,-1.700029006457271e-16,0.02301010720590102,0.023010107205900625,3.95516952522712e-16,True
M00/S3_PARENT/C1_minus_C0,sensitivity,-0.004258757644747813,-0.0042587576447479895,1.7694179454963432e-16,-0.002887349133139594,-0.002887349133139629,3.5128150388530344e-17,True
M00/S3_PARENT/C2_minus_C1,sensitivity,0.030813145420990673,0.03081314542099069,-1.734723475976807e-17,0.02798036297827322,0.02798036297827324,-1.734723475976807e-17,True
W00/S3_PARENT/B_TRAIN_ONLY_QC_minus_A_KEEP,sensitivity,0.014233033977028908,0.014233033977028854,5.377642775528102e-17,0.018550064883068318,0.018550064883068443,-1.249000902703301e-16,True
M00/S3_PARENT/B_TRAIN_ONLY_QC_minus_A_KEEP,sensitivity,-0.003621274834099464,-0.003621274834099426,-3.7730235602495554e-17,-0.005408323437697482,-0.005408323437697562,7.979727989493313e-17,True
W00/S3_PARENT/FP2048_minus_FP512,sensitivity,-0.014634156492462802,-0.014634156492462783,-1.9081958235744878e-17,-0.03457918666936011,-0.03457918666936025,1.457167719820518e-16,True
M00/S3_PARENT/FP2048_minus_FP512,sensitivity,0.01936389829346785,0.019363898293467782,6.938893903907228e-17,0.030820697377303863,0.030820697377303825,3.8163916471489756e-17,True
W00/S3_PARENT/identity_only_minus_full,sensitivity,0.018932691484274455,0.01893269148427436,9.367506770274758e-17,0.04095082165958708,0.04095082165958695,1.249000902703301e-16,True
M00/S3_PARENT/identity_only_minus_full,sensitivity,0.03207886522774961,0.03207886522774957,4.163336342344337e-17,0.02617522488212598,0.026175224882126102,-1.214306433183765e-16,True
W00/S1_CONDITION/no_time_effect_minus_full,sensitivity,0.031135277728011057,0.031135277728010998,5.898059818321144e-17,0.025095948523218947,0.02509594852321886,8.673617379884035e-17,True
M00/S1_CONDITION/no_time_effect_minus_full,sensitivity,0.017929075320023857,0.017929075320023902,-4.5102810375396984e-17,0.020484381752645442,0.020484381752645463,-2.0816681711721685e-17,True
