route,family,target_scale,model,pooled_mae_seed_mean,pooled_mae_seed_std,pooled_rmse_seed_mean,pooled_rmse_seed_std,pooled_r2_seed_mean,pooled_r2_seed_std,task_macro_mae_seed_mean,task_macro_mae_seed_std,task_macro_rmse_seed_mean,task_macro_rmse_seed_std,task_macro_r2_seed_mean,task_macro_r2_seed_std
M00,E30,neg_log10_mol_kg,E30_C0,0.8976802060188942,0.015558121711988124,1.1578108470235455,0.016547398444102978,0.28738655457407913,0.020382811559211303,0.9336328173322127,0.013999293069246835,1.1916390433268917,0.01711812658400811,0.21313183894989957,0.021298560315594805
M00,E30,neg_log10_mol_kg,E30_C1,0.8953269582771864,0.015397882465872929,1.1521378013205779,0.01502645772232783,0.2943708540041423,0.018442979837266348,0.9301488398846546,0.012838907831685141,1.1847858436843914,0.014278590731294656,0.2223833665650795,0.01753018157520262
M00,E30,neg_log10_mol_kg,E30_C2,0.9192672973200826,0.011582552969751879,1.1770878286528643,0.012731120799754782,0.2635078926018738,0.015988117915141545,0.9555203260157423,0.011456795773825258,1.207815971396339,0.010807714347927707,0.19385836755163005,0.014421438915316054
M00,E31,neg_log10_mol_kg,E31_A_KEEP,0.9036316830947186,0.010903770744347195,1.1718562663195315,0.011792087447037507,0.28387442511023664,0.01447109167097932,0.9341253183788774,0.0113806315815163,1.197928762135711,0.013933089990114805,0.21752543718728468,0.01682014798215633
M00,E31,neg_log10_mol_kg,E31_B_TRAIN_ONLY_QC,0.896870776265758,0.010064661757205027,1.1744258213879273,0.012384432369701716,0.28072509140079677,0.015196829564941996,0.9296471317434154,0.004027199459532653,1.2001571790301824,0.008023667602220994,0.21450882258002452,0.010337422720968043
M00,E40,neg_log10_mol_kg,E40_FP2048,0.9344453775516725,0.010514966967974644,1.2096344015555527,0.01729640418154769,0.2392772637397177,0.021822278844922736,0.9561005367810002,0.01131818222450878,1.2248255508830832,0.019294805591585047,0.17504354611205397,0.026055137339781122
M00,E50,neg_log10_mol_kg,E50_TAXONOMY_IDENTITY,0.9274820595078478,0.01310374078831423,1.195606466436871,0.02361367124041558,0.25671546869805517,0.02910857964042992,0.9647032915342331,0.005668179476919401,1.2301782651182025,0.01965596585158638,0.16983435868763289,0.02613880571996423
M00,E51,neg_log10_mol_kg,E51_NO_TIME_EFFECT,0.6640264263628146,0.002772480618075205,0.8963599348591442,0.00326038228216419,0.5874342983891288,0.0030039443207031985,0.6929983304567908,0.003736612015548083,0.9271614844418513,0.006378423268872611,0.5335364066277974,0.004126990746795639
W00,E30,neg_log10_mol_l,E30_C0,1.0435735585655226,0.01345084607919092,1.3575320028381874,0.012287718525922952,0.5213030783092067,0.008655957545439602,1.055986803805387,0.011908570406691677,1.3121881678255667,0.008165525506782756,-34.27020001485157,0.9742875812934824
W00,E30,neg_log10_mol_l,E30_C1,1.0646169968826735,0.011824510960958332,1.3721107207753374,0.016134189986290126,0.5109456285084352,0.011534541763481449,1.0840085412199636,0.017034047552585748,1.3345193774491149,0.019011545037459988,-34.80938034933679,3.7247359673107825
W00,E30,neg_log10_mol_l,E30_C2,1.0902527968342908,0.011661616078489031,1.4093162155012555,0.020600025593730604,0.48403495423449117,0.015104492425924536,1.0966862087079725,0.007775953998810041,1.3492436259135967,0.006979115420859003,-23.58455318145567,3.061691115832401
W00,E31,neg_log10_mol_l,E31_A_KEEP,1.0353263709654872,0.010309586821681916,1.3580687018901374,0.006840410503006521,0.5265367611148619,0.004777155873225219,1.0662338008517944,0.012036693259393131,1.330954353248036,0.010292009133269912,-33.63297441421033,4.238164975614134
W00,E31,neg_log10_mol_l,E31_B_TRAIN_ONLY_QC,1.0501614700792299,0.007639389851757765,1.3805934712144057,0.011661762645570286,0.5106840297905884,0.00824187774033477,1.075863474765566,0.009705108685362675,1.3443187770278375,0.009928945437462054,-32.628360927544264,2.6199886799882375
W00,E40,neg_log10_mol_l,E40_FP2048,1.0306072319479427,0.014480575530593627,1.3435535221488166,0.01705848190586226,0.5351006026221176,0.011878578416969966,1.0246993318715214,0.008244792540687999,1.2842195027012866,0.005362427114875246,-17.67908918768949,1.288231472312754
W00,E50,neg_log10_mol_l,E50_TAXONOMY_IDENTITY,1.1050925687277362,0.0056905616358161265,1.4225530434530296,0.009469361259780611,0.47886780202197843,0.0069278376793168225,1.0604191098408318,0.018345776577329116,1.3220718189945515,0.02232548215174217,-16.750395016032066,1.0583096083898644
W00,E51,neg_log10_mol_l,E51_NO_TIME_EFFECT,0.742998376922877,0.002059785854710273,1.0190118374010622,0.0033175495277596523,0.7279820501523139,0.0017704377859366989,0.7738113630421077,0.0023845230549213114,1.0149107748176553,0.0028529846888744326,-2.4124405864702254,1.0736681503027172
