route,split_id,target_scale,model,cohort_scope,n_cohort,n_predicted,n_unestimated,coverage,n_heads,n_parents,identity_sha256,pooled_mae,pooled_rmse,pooled_r2,n_negative_r2_heads,source_run_id,task_macro_mae,median_task_mae,n_defined_task_mae,task_macro_rmse,median_task_rmse,n_defined_task_rmse,task_macro_r2,median_task_r2,n_defined_task_r2,family,seed
M00,S3_PARENT,neg_log10_mol_kg,E30_C0,locked_common,2084,2084,0,1.0,16,109,22e2beadec01b54c74413dea6c694038dd607b6a772eaae38d029b91d0a0d2e3,0.9018008380171129,1.1636325627428925,0.28031245074370426,2,8758bd83a729e82386c36de8,0.9373264778678632,0.9741455887416492,16,1.1991361094763213,1.2313810519552284,16,0.2031232771756875,0.21029494823221784,16,E30,42
M00,S3_PARENT,neg_log10_mol_kg,E30_C0,locked_common,2084,2084,0,1.0,16,109,22e2beadec01b54c74413dea6c694038dd607b6a772eaae38d029b91d0a0d2e3,0.9173455352427917,1.1777272101391874,0.26277224732731963,1,8758bd83a729e82386c36de8,0.9512637123668923,0.9727197162473791,16,1.2121677185501882,1.2743467533881498,16,0.18790873612303158,0.22934261995440525,16,E30,2042
M00,S3_PARENT,neg_log10_mol_kg,E30_C0,locked_common,2084,2084,0,1.0,16,109,22e2beadec01b54c74413dea6c694038dd607b6a772eaae38d029b91d0a0d2e3,0.881338928181027,1.1394796220968133,0.30987877698376753,2,8758bd83a729e82386c36de8,0.9187231464463665,0.9277970901346551,16,1.1755360558710153,1.2029984059834198,16,0.2321395574287274,0.24936932923067173,16,E30,3407
M00,S3_PARENT,neg_log10_mol_kg,E30_C0,locked_common,2084,2084,0,1.0,16,109,22e2beadec01b54c74413dea6c694038dd607b6a772eaae38d029b91d0a0d2e3,0.8902355226346451,1.1504039931152885,0.2965827432415252,1,8758bd83a729e82386c36de8,0.9272179326477288,0.9325488265891105,16,1.1797162894100426,1.2203727740585193,16,0.22935578507215174,0.22956884405380973,16,E30,8417
M00,S3_PARENT,neg_log10_mol_kg,E30_C1,locked_common,2084,2084,0,1.0,16,109,22e2beadec01b54c74413dea6c694038dd607b6a772eaae38d029b91d0a0d2e3,0.8973581079809437,1.154655639113725,0.29137377727759617,2,00362b173c9d21889d75f273,0.9317297068831557,0.9560088418196757,16,1.1883676924577382,1.2098971920871828,16,0.2165829795516754,0.2352556940054525,16,E30,42
M00,S3_PARENT,neg_log10_mol_kg,E30_C1,locked_common,2084,2084,0,1.0,16,109,22e2beadec01b54c74413dea6c694038dd607b6a772eaae38d029b91d0a0d2e3,0.915885082453787,1.1716953865464412,0.2703044505787672,1,00362b173c9d21889d75f273,0.9473507350716838,0.9827424511667524,16,1.2034578820681499,1.2615798008006511,16,0.20013860293847113,0.2176690285383589,16,E30,2042
M00,S3_PARENT,neg_log10_mol_kg,E30_C1,locked_common,2084,2084,0,1.0,16,109,22e2beadec01b54c74413dea6c694038dd607b6a772eaae38d029b91d0a0d2e3,0.8801992633347065,1.1363628703054405,0.3136489100359572,1,00362b173c9d21889d75f273,0.9176180124410229,0.929674084510627,16,1.1725315015571471,1.208287019194862,16,0.23670806988716495,0.2602755634085204,16,E30,3407
M00,S3_PARENT,neg_log10_mol_kg,E30_C1,locked_common,2084,2084,0,1.0,16,109,22e2beadec01b54c74413dea6c694038dd607b6a772eaae38d029b91d0a0d2e3,0.8878653793393086,1.145837309316705,0.3021562781242486,1,00362b173c9d21889d75f273,0.923896905142756,0.922833603220462,16,1.1747862986545305,1.2264852219083728,16,0.2361038138830065,0.24367762567909756,16,E30,8417
M00,S3_PARENT,neg_log10_mol_kg,E30_C2,locked_common,2084,2084,0,1.0,16,109,22e2beadec01b54c74413dea6c694038dd607b6a772eaae38d029b91d0a0d2e3,0.9342513389794835,1.195150520308265,0.24079778355859538,0,741c23534588f14f8a66eac9,0.9689516334581577,1.0010021162528018,16,1.2228896117485597,1.2377605758046544,16,0.17472414681738266,0.12725387966464713,16,E30,42
M00,S3_PARENT,neg_log10_mol_kg,E30_C2,locked_common,2084,2084,0,1.0,16,109,22e2beadec01b54c74413dea6c694038dd607b6a772eaae38d029b91d0a0d2e3,0.9162231923859946,1.1737916055347908,0.26769119469469493,0,741c23534588f14f8a66eac9,0.9480057435880016,0.9576149601248805,16,1.2015696200412167,1.224324427596553,16,0.20276171792105588,0.17443453042662949,16,E30,2042
M00,S3_PARENT,neg_log10_mol_kg,E30_C2,locked_common,2084,2084,0,1.0,16,109,22e2beadec01b54c74413dea6c694038dd607b6a772eaae38d029b91d0a0d2e3,0.9202757770688863,1.1741819874448842,0.2672040083012527,2,741c23534588f14f8a66eac9,0.9609106676618587,0.9903594499563186,16,1.2081577455986152,1.2158510212077445,16,0.19102992785945894,0.18281724891268752,16,E30,3407
M00,S3_PARENT,neg_log10_mol_kg,E30_C2,locked_common,2084,2084,0,1.0,16,109,22e2beadec01b54c74413dea6c694038dd607b6a772eaae38d029b91d0a0d2e3,0.9063188808459659,1.1652272013235174,0.2783385838529523,1,741c23534588f14f8a66eac9,0.9442132593549513,0.9565835150191235,16,1.198646908196964,1.240199697163515,16,0.20691767760862273,0.1821545791078074,16,E30,8417
M00,S3_PARENT,neg_log10_mol_kg,E31_A_KEEP,locked_common,2089,2089,0,1.0,16,109,64fa6f0b6313f04238c2c1b1b4fe43ac5a9f5cab3da69d8bc4cd9a64cba74d0b,0.8996233228903079,1.1676652557894822,0.2890415417551462,1,7899827af17a9bda9a64a691,0.9280834406901215,0.9639938861049497,16,1.1931817801276512,1.2028647182686396,16,0.2228201788662734,0.25960740859135295,16,E31,42
M00,S3_PARENT,neg_log10_mol_kg,E31_A_KEEP,locked_common,2089,2089,0,1.0,16,109,64fa6f0b6313f04238c2c1b1b4fe43ac5a9f5cab3da69d8bc4cd9a64cba74d0b,0.9189165691444965,1.1890345056224425,0.2627811594686714,1,7899827af17a9bda9a64a691,0.9497590188435487,0.9628766865964626,16,1.218696970867723,1.2528848812861282,16,0.1926333470267603,0.22656929666156922,16,E31,2042
M00,S3_PARENT,neg_log10_mol_kg,E31_A_KEEP,locked_common,2089,2089,0,1.0,16,109,64fa6f0b6313f04238c2c1b1b4fe43ac5a9f5cab3da69d8bc4cd9a64cba74d0b,0.8933349902497205,1.1621870064345166,0.2956969957978415,1,7899827af17a9bda9a64a691,0.9237779244287845,0.9224777583892656,16,1.1902350123299408,1.2197620058549805,16,0.22519412801677408,0.2110534900139001,16,E31,3407
M00,S3_PARENT,neg_log10_mol_kg,E31_A_KEEP,locked_common,2089,2089,0,1.0,16,109,64fa6f0b6313f04238c2c1b1b4fe43ac5a9f5cab3da69d8bc4cd9a64cba74d0b,0.9026518500943495,1.168538297431685,0.28797800341928737,1,7899827af17a9bda9a64a691,0.9348808895530545,0.9391921356493755,16,1.189601285217529,1.2149112760036134,16,0.229454094839331,0.2460816115160726,16,E31,8417
M00,S3_PARENT,neg_log10_mol_kg,E31_B_TRAIN_ONLY_QC,locked_common,2089,2089,0,1.0,16,109,64fa6f0b6313f04238c2c1b1b4fe43ac5a9f5cab3da69d8bc4cd9a64cba74d0b,0.8934441640816401,1.1783674348351485,0.27594930707431164,1,3d5b8c90446fe0142af85a95,0.9298020901613772,0.9423079811124914,16,1.2093694070078866,1.2323817479950208,16,0.2021995507298362,0.19512610342044462,16,E31,42
M00,S3_PARENT,neg_log10_mol_kg,E31_B_TRAIN_ONLY_QC,locked_common,2089,2089,0,1.0,16,109,64fa6f0b6313f04238c2c1b1b4fe43ac5a9f5cab3da69d8bc4cd9a64cba74d0b,0.8926630676849298,1.1636861523608453,0.2938788134145204,2,3d5b8c90446fe0142af85a95,0.9291181003531528,0.9570921356996895,16,1.191638935883985,1.1764525028524542,16,0.2241170516060611,0.226220223581849,16,E31,2042
M00,S3_PARENT,neg_log10_mol_kg,E31_B_TRAIN_ONLY_QC,locked_common,2089,2089,0,1.0,16,109,64fa6f0b6313f04238c2c1b1b4fe43ac5a9f5cab3da69d8bc4cd9a64cba74d0b,0.8896130926419196,1.165452725105025,0.29173328426232237,1,3d5b8c90446fe0142af85a95,0.9249208620696011,0.9351653150419768,16,1.1955988146711856,1.2299234604436702,16,0.22190512230710654,0.20770722591405988,16,E31,3407
M00,S3_PARENT,neg_log10_mol_kg,E31_B_TRAIN_ONLY_QC,locked_common,2089,2089,0,1.0,16,109,64fa6f0b6313f04238c2c1b1b4fe43ac5a9f5cab3da69d8bc4cd9a64cba74d0b,0.9117627806545426,1.1901969732506903,0.2613389608520327,1,3d5b8c90446fe0142af85a95,0.9347474743895308,0.9741115792770163,16,1.2040215585576726,1.2317146667299985,16,0.2098135656770942,0.18682231296771823,16,E31,8417
M00,S3_PARENT,neg_log10_mol_kg,E40_FP2048,locked_common,2177,2177,0,1.0,16,115,8a21f9bd0ba4edbcb91e74f5c2920757472d7ff06f29dffaf613db14b2fa9681,0.9362703666124442,1.2137192374464065,0.23424821541364493,3,3317147f1b65340686da502c,0.9677510343816411,0.9941673318070512,16,1.2412203277541223,1.26497335102491,16,0.15472541410811966,0.1582165459667233,16,E40,42
M00,S3_PARENT,neg_log10_mol_kg,E40_FP2048,locked_common,2177,2177,0,1.0,16,115,8a21f9bd0ba4edbcb91e74f5c2920757472d7ff06f29dffaf613db14b2fa9681,0.9244758096220875,1.1966144215806125,0.2556794463095503,2,3317147f1b65340686da502c,0.9449058438964565,1.005555089592085,16,1.208839237669342,1.2735261712646064,16,0.19695473482606243,0.25143394545503683,16,E40,2042
M00,S3_PARENT,neg_log10_mol_kg,E40_FP2048,locked_common,2177,2177,0,1.0,16,115,8a21f9bd0ba4edbcb91e74f5c2920757472d7ff06f29dffaf613db14b2fa9681,0.9484122018099879,1.2324237179213444,0.21046453664073284,4,3317147f1b65340686da502c,0.9637194371001622,0.9975284071294707,16,1.2418322781844846,1.301805317525436,16,0.15034707056509178,0.17361062563895174,16,E40,3407
M00,S3_PARENT,neg_log10_mol_kg,E40_FP2048,locked_common,2177,2177,0,1.0,16,115,8a21f9bd0ba4edbcb91e74f5c2920757472d7ff06f29dffaf613db14b2fa9681,0.9286231321621702,1.1957802292738469,0.2567168565949427,1,3317147f1b65340686da502c,0.948025831745741,1.0054290029261077,16,1.207410359924384,1.224583846716449,16,0.19814696494894207,0.20018768661996017,16,E40,8417
M00,S3_PARENT,neg_log10_mol_kg,E50_TAXONOMY_IDENTITY,locked_common,2177,2177,0,1.0,16,115,8a21f9bd0ba4edbcb91e74f5c2920757472d7ff06f29dffaf613db14b2fa9681,0.9097725318667679,1.161205266408779,0.2990782443195159,1,55807ff6c0b066f268c95c1c,0.9564421178025253,1.0005570655458649,16,1.2010924937650085,1.2454002339442836,16,0.2081262264850509,0.2042958108221135,16,E50,42
M00,S3_PARENT,neg_log10_mol_kg,E50_TAXONOMY_IDENTITY,locked_common,2177,2177,0,1.0,16,115,8a21f9bd0ba4edbcb91e74f5c2920757472d7ff06f29dffaf613db14b2fa9681,0.9342494162633266,1.208916670692367,0.24029623385347343,1,55807ff6c0b066f268c95c1c,0.9690270781059105,0.9932056093090511,16,1.2441374483429604,1.2679848699831173,16,0.1516667451983093,0.1597448665546395,16,E50,2042
M00,S3_PARENT,neg_log10_mol_kg,E50_TAXONOMY_IDENTITY,locked_common,2177,2177,0,1.0,16,115,8a21f9bd0ba4edbcb91e74f5c2920757472d7ff06f29dffaf613db14b2fa9681,0.9260309332603341,1.199451320461731,0.2521460355080746,0,55807ff6c0b066f268c95c1c,0.9657524349033166,0.9795093839516124,16,1.2363589430101092,1.256881246011714,16,0.16481650394679273,0.14394314927048885,16,E50,3407
M00,S3_PARENT,neg_log10_mol_kg,E50_TAXONOMY_IDENTITY,locked_common,2177,2177,0,1.0,16,115,8a21f9bd0ba4edbcb91e74f5c2920757472d7ff06f29dffaf613db14b2fa9681,0.9398753566409626,1.2128526081846067,0.2353413611111569,2,55807ff6c0b066f268c95c1c,0.9675915353251798,0.9843520146192004,16,1.239124175354732,1.266283694990184,16,0.1547279591203786,0.15882786191651094,16,E50,8417
M00,S1_CONDITION,neg_log10_mol_kg,E51_NO_TIME_EFFECT,locked_common,2176,2176,0,1.0,16,363,5418f9cdeb0f578e32dbb7c54261cad33dacd89e16a442fab4a831f5d21adc40,0.6618819125070879,0.8942436026294414,0.5893842325754752,0,e72db5ed1a42889359d4b5d8,0.6885170285557605,0.6751074229776239,16,0.9208915719914923,0.9105813140997114,16,0.5377124693408012,0.5506293668130222,16,E51,42
M00,S1_CONDITION,neg_log10_mol_kg,E51_NO_TIME_EFFECT,locked_common,2176,2176,0,1.0,16,363,5418f9cdeb0f578e32dbb7c54261cad33dacd89e16a442fab4a831f5d21adc40,0.661524312310473,0.8935249211949442,0.5900439708052752,0,e72db5ed1a42889359d4b5d8,0.6968678036461892,0.6772834453967633,16,0.9340556433462641,0.9257855841213488,16,0.5312720801678107,0.5454866120170445,16,E51,2042
M00,S1_CONDITION,neg_log10_mol_kg,E51_NO_TIME_EFFECT,locked_common,2176,2176,0,1.0,16,363,5418f9cdeb0f578e32dbb7c54261cad33dacd89e16a442fab4a831f5d21adc40,0.6671878502340017,0.8969493151174684,0.5868956735408601,0,e72db5ed1a42889359d4b5d8,0.6914815062978471,0.679566226118952,16,0.9226650584510102,0.9152456278521738,16,0.5362344484633381,0.5597362961604614,16,E51,3407
M00,S1_CONDITION,neg_log10_mol_kg,E51_NO_TIME_EFFECT,locked_common,2176,2176,0,1.0,16,363,5418f9cdeb0f578e32dbb7c54261cad33dacd89e16a442fab4a831f5d21adc40,0.6655116303996955,0.9007219004947227,0.5834133166349045,0,e72db5ed1a42889359d4b5d8,0.6951269833273663,0.6867676823374509,16,0.9310336639786385,0.9483293789989423,16,0.5289266285392398,0.5727101258278298,16,E51,8417
W00,S3_PARENT,neg_log10_mol_l,E30_C0,locked_common,37505,37505,0,1.0,91,965,6593098001b186df8a89d427de075cf08e837679f3114cba9d061bb34da9042d,1.047193827940772,1.3606308406011196,0.51914468872528,23,cf73a2e27266a8d251e7c30e,1.0659979959137302,1.052989594946253,91,1.3162017520761502,1.3392600399090366,91,-34.35178147317836,0.3648294618543184,88,E30,42
W00,S3_PARENT,neg_log10_mol_l,E30_C0,locked_common,37505,37505,0,1.0,91,965,6593098001b186df8a89d427de075cf08e837679f3114cba9d061bb34da9042d,1.0237023511031362,1.3416632699924624,0.5324577558065033,22,cf73a2e27266a8d251e7c30e,1.0421659567803883,1.00726655884667,91,1.3008609400222924,1.3243907413287415,91,-33.952617916593,0.3757257974394113,88,E30,2042
W00,S3_PARENT,neg_log10_mol_l,E30_C0,locked_common,37505,37505,0,1.0,91,965,6593098001b186df8a89d427de075cf08e837679f3114cba9d061bb34da9042d,1.0528733465648497,1.3713334688314653,0.5115501874837118,22,cf73a2e27266a8d251e7c30e,1.0499246483911706,1.0391927120999618,91,1.3120457935584022,1.2749323832023518,91,-35.55274891660505,0.3397650503038191,88,E30,3407
W00,S3_PARENT,neg_log10_mol_l,E30_C0,locked_common,37505,37505,0,1.0,91,965,6593098001b186df8a89d427de075cf08e837679f3114cba9d061bb34da9042d,1.0505247086533327,1.3565004319277028,0.5220596812213321,22,cf73a2e27266a8d251e7c30e,1.0658586141362592,1.0331321932369282,91,1.3196441856454224,1.326002047474499,91,-33.22365175302987,0.39308653632573665,88,E30,8417
W00,S3_PARENT,neg_log10_mol_l,E30_C1,locked_common,37505,37505,0,1.0,91,965,6593098001b186df8a89d427de075cf08e837679f3114cba9d061bb34da9042d,1.0793193477295793,1.3938108313955102,0.49540671539728276,23,5d367228d0db5ee24cfd11aa,1.0860964624062912,1.081226793318454,91,1.335486022214352,1.3669111116317336,91,-38.35219967460516,0.3591203385766612,88,E30,42
W00,S3_PARENT,neg_log10_mol_l,E30_C1,locked_common,37505,37505,0,1.0,91,965,6593098001b186df8a89d427de075cf08e837679f3114cba9d061bb34da9042d,1.0530829686307344,1.3615579249916323,0.5184891908288671,21,5d367228d0db5ee24cfd11aa,1.064977019126295,1.0353078436487437,91,1.3179825059760963,1.3357131138686646,91,-33.88659172069424,0.3862929707070749,88,E30,2042
W00,S3_PARENT,neg_log10_mol_l,E30_C1,locked_common,37505,37505,0,1.0,91,965,6593098001b186df8a89d427de075cf08e837679f3114cba9d061bb34da9042d,1.0687444516534557,1.3747998911336314,0.509077684124566,24,5d367228d0db5ee24cfd11aa,1.1059037405378473,1.0691795949099332,91,1.3608611342771222,1.3373988425245005,91,-37.019704901392736,0.30992385053691046,88,E30,3407
W00,S3_PARENT,neg_log10_mol_l,E30_C1,locked_common,37505,37505,0,1.0,91,965,6593098001b186df8a89d427de075cf08e837679f3114cba9d061bb34da9042d,1.0573212195169246,1.3582742355805755,0.5208089236830247,23,5d367228d0db5ee24cfd11aa,1.0790569428094205,1.036826210016043,91,1.3237478473288886,1.3186466346228396,91,-29.97902510065503,0.3735632891892886,88,E30,8417
W00,S3_PARENT,neg_log10_mol_l,E30_C2,locked_common,37505,37505,0,1.0,91,965,6593098001b186df8a89d427de075cf08e837679f3114cba9d061bb34da9042d,1.0864347037243478,1.3976927139343978,0.4925921303901175,24,c4d8d1bbda4f243a5906b044,1.1074052632983482,1.1168995127303618,91,1.3541217267418257,1.3959608435389306,91,-24.667185364546697,0.33439276624922687,88,E30,42
W00,S3_PARENT,neg_log10_mol_l,E30_C2,locked_common,37505,37505,0,1.0,91,965,6593098001b186df8a89d427de075cf08e837679f3114cba9d061bb34da9042d,1.0976890826255625,1.416838342437667,0.47859595200586347,23,c4d8d1bbda4f243a5906b044,1.0888948929666022,1.079276124794323,91,1.3395880582650346,1.345177749471685,91,-24.769822854610485,0.332313447062825,88,E30,2042
W00,S3_PARENT,neg_log10_mol_l,E30_C2,locked_common,37505,37505,0,1.0,91,965,6593098001b186df8a89d427de075cf08e837679f3114cba9d061bb34da9042d,1.075568180539447,1.3882046021520884,0.49945773349666756,25,c4d8d1bbda4f243a5906b044,1.0960906197962268,1.0543962839006518,91,1.354606094959037,1.32488888508864,91,-25.839791788424773,0.3211487344176058,88,E30,3407
W00,S3_PARENT,neg_log10_mol_l,E30_C2,locked_common,37505,37505,0,1.0,91,965,6593098001b186df8a89d427de075cf08e837679f3114cba9d061bb34da9042d,1.101319220447806,1.4345292034808685,0.46549400104531613,25,c4d8d1bbda4f243a5906b044,1.094354058770713,1.0466129163274434,91,1.3486586236884894,1.3306409023577594,91,-19.061412718240728,0.32242415911963174,88,E30,8417
W00,S3_PARENT,neg_log10_mol_l,E31_A_KEEP,locked_common,37604,37604,0,1.0,91,966,29b500f1000697585aa198ba70577a2a530bb4b6523a8eadab11daf88a715590,1.0369326792626687,1.3566793056517354,0.5275140256952626,22,9e97d0a454ea3cd39b1c9fb0,1.0658022311279918,1.0257585163362675,91,1.3239433752185954,1.3324583550552063,91,-27.698905805790073,0.3771913026542362,88,E31,42
W00,S3_PARENT,neg_log10_mol_l,E31_A_KEEP,locked_common,37604,37604,0,1.0,91,966,29b500f1000697585aa198ba70577a2a530bb4b6523a8eadab11daf88a715590,1.0267069033471539,1.3515680975847093,0.5310674446619444,23,9e97d0a454ea3cd39b1c9fb0,1.0500787384944765,1.0108453296393711,91,1.3204029352885591,1.3209558798662022,91,-33.49131932727561,0.3909147344134265,88,E31,2042
W00,S3_PARENT,neg_log10_mol_l,E31_A_KEEP,locked_common,37604,37604,0,1.0,91,966,29b500f1000697585aa198ba70577a2a530bb4b6523a8eadab11daf88a715590,1.0492587621316576,1.3677171798298913,0.5197945061583147,24,9e97d0a454ea3cd39b1c9fb0,1.0787647742504711,1.0318930493872767,91,1.3409747537435635,1.3414403991786694,91,-36.35804123529297,0.3817000721257623,88,E31,3407
W00,S3_PARENT,neg_log10_mol_l,E31_A_KEEP,locked_common,37604,37604,0,1.0,91,966,29b500f1000697585aa198ba70577a2a530bb4b6523a8eadab11daf88a715590,1.0284071391204685,1.356310224494214,0.5277710679439259,25,9e97d0a454ea3cd39b1c9fb0,1.0702894595342385,1.0200681687192568,91,1.3384963487414252,1.3175438103622084,91,-36.983631288482655,0.359971952783938,88,E31,8417
W00,S3_PARENT,neg_log10_mol_l,E31_B_TRAIN_ONLY_QC,locked_common,37604,37604,0,1.0,91,966,29b500f1000697585aa198ba70577a2a530bb4b6523a8eadab11daf88a715590,1.0390536041895855,1.3641628524248959,0.5222871118023824,21,e1e5fc6b16c0053da07b6bc8,1.0707492668938663,1.0409058821238855,91,1.336472889548944,1.3252829642701536,91,-30.936816225939342,0.3686494040489583,88,E31,42
W00,S3_PARENT,neg_log10_mol_l,E31_B_TRAIN_ONLY_QC,locked_common,37604,37604,0,1.0,91,966,29b500f1000697585aa198ba70577a2a530bb4b6523a8eadab11daf88a715590,1.054811131909752,1.3804188800564656,0.510833957353205,23,e1e5fc6b16c0053da07b6bc8,1.0754351289198882,1.0534578803899683,91,1.3436983548694659,1.347161105915131,91,-32.392150873096114,0.36970170191784374,88,E31,2042
W00,S3_PARENT,neg_log10_mol_l,E31_B_TRAIN_ONLY_QC,locked_common,37604,37604,0,1.0,91,966,29b500f1000697585aa198ba70577a2a530bb4b6523a8eadab11daf88a715590,1.0512431792329708,1.3886431834966657,0.5049878560674419,23,e1e5fc6b16c0053da07b6bc8,1.067660489676164,1.0581582537347194,91,1.3386028163310784,1.3608990814573723,91,-30.779963053865625,0.3788002364458261,88,E31,3407
W00,S3_PARENT,neg_log10_mol_l,E31_B_TRAIN_ONLY_QC,locked_common,37604,37604,0,1.0,91,966,29b500f1000697585aa198ba70577a2a530bb4b6523a8eadab11daf88a715590,1.0555379649846113,1.3891489688795953,0.504627193939324,19,e1e5fc6b16c0053da07b6bc8,1.0896090135723457,1.0360037337533732,91,1.3585010473618617,1.3258407365520704,91,-36.404513557275976,0.3706639703003928,88,E31,8417
W00,S3_PARENT,neg_log10_mol_l,E40_FP2048,locked_common,40410,40410,0,1.0,92,1033,d87bcedf5a8b86d1a4787dff8d94f35fa84f744d2eeb0b0061b5c05bf66a7e58,1.0518174257897743,1.3691322536551525,0.5172888405356142,21,8bdaa2ba22ca1a4ded790cb3,1.033578784024087,0.9998802857102073,92,1.2868951034507419,1.2666168162942468,92,-18.231941650779806,0.31545466078655415,91,E40,42
W00,S3_PARENT,neg_log10_mol_l,E40_FP2048,locked_common,40410,40410,0,1.0,92,1033,d87bcedf5a8b86d1a4787dff8d94f35fa84f744d2eeb0b0061b5c05bf66a7e58,1.0193722619284302,1.3348024330958461,0.5411924930234171,26,8bdaa2ba22ca1a4ded790cb3,1.0139089166123136,0.991666017383148,92,1.276248062812499,1.2590972535067073,92,-17.10310184910091,0.3662286486916302,91,E40,2042
W00,S3_PARENT,neg_log10_mol_l,E40_FP2048,locked_common,40410,40410,0,1.0,92,1033,d87bcedf5a8b86d1a4787dff8d94f35fa84f744d2eeb0b0061b5c05bf66a7e58,1.0268868579370178,1.335658147854084,0.5406040400931588,25,8bdaa2ba22ca1a4ded790cb3,1.0238073570486823,0.9968101698133494,92,1.2859895770906478,1.2662038778153866,92,-16.217404083038012,0.35212339345177024,91,E40,3407
W00,S3_PARENT,neg_log10_mol_l,E40_FP2048,locked_common,40410,40410,0,1.0,92,1033,d87bcedf5a8b86d1a4787dff8d94f35fa84f744d2eeb0b0061b5c05bf66a7e58,1.0243523821365483,1.3346212539901836,0.5413170368362801,24,8bdaa2ba22ca1a4ded790cb3,1.027502269801003,1.0212374213858764,92,1.2877452674512575,1.299187903778972,92,-19.16390916783923,0.3523635687119945,91,E40,8417
W00,S3_PARENT,neg_log10_mol_l,E50_TAXONOMY_IDENTITY,locked_common,40410,40410,0,1.0,92,1033,d87bcedf5a8b86d1a4787dff8d94f35fa84f744d2eeb0b0061b5c05bf66a7e58,1.104149146391164,1.421057111246304,0.47998053462823065,25,7f4755911831be45a092da99,1.0529283765923427,1.0316221267732546,92,1.3148113740057343,1.3548222284342104,92,-15.855198336447437,0.29408408576636325,91,E50,42
W00,S3_PARENT,neg_log10_mol_l,E50_TAXONOMY_IDENTITY,locked_common,40410,40410,0,1.0,92,1033,d87bcedf5a8b86d1a4787dff8d94f35fa84f744d2eeb0b0061b5c05bf66a7e58,1.109607931263372,1.4317902794621196,0.4720955107631907,24,7f4755911831be45a092da99,1.0564545718860334,1.049472237106376,92,1.3150622102013139,1.3266342048255637,92,-18.261159805741176,0.31481312470399103,91,E50,2042
W00,S3_PARENT,neg_log10_mol_l,E50_TAXONOMY_IDENTITY,locked_common,40410,40410,0,1.0,92,1033,d87bcedf5a8b86d1a4787dff8d94f35fa84f744d2eeb0b0061b5c05bf66a7e58,1.0974121286661613,1.409979570932367,0.48805633122205283,28,7f4755911831be45a092da99,1.0452629923110295,1.038138954237251,92,1.3037940974550961,1.2986023735023404,92,-16.650947572689493,0.3160663218184765,91,E50,3407
W00,S3_PARENT,neg_log10_mol_l,E50_TAXONOMY_IDENTITY,locked_common,40410,40410,0,1.0,92,1033,d87bcedf5a8b86d1a4787dff8d94f35fa84f744d2eeb0b0061b5c05bf66a7e58,1.1092010685902476,1.4273852121713275,0.47533883147443967,29,7f4755911831be45a092da99,1.0870304985739212,1.0920979470371117,92,1.354619594316062,1.402662080863448,92,-16.234274349250164,0.28047205387646224,91,E50,8417
W00,S1_CONDITION,neg_log10_mol_l,E51_NO_TIME_EFFECT,locked_common,40478,40478,0,1.0,99,2988,590b6f64a49ddedcf93e3722c7e015a52fe876d6958c3f1475d373def40269f6,0.7450721215098367,1.0190672445155282,0.7279546308930227,27,15b62f40c74c7786064426ac,0.7754065265860718,0.7040403932763193,99,1.016080746241654,0.9592063872686948,99,-2.9079816371955447,0.6389954726666149,95,E51,42
W00,S1_CONDITION,neg_log10_mol_l,E51_NO_TIME_EFFECT,locked_common,40478,40478,0,1.0,99,2988,590b6f64a49ddedcf93e3722c7e015a52fe876d6958c3f1475d373def40269f6,0.7439894022356291,1.0227579962163742,0.7259805313436309,25,15b62f40c74c7786064426ac,0.776290826634798,0.7053282040591738,99,1.016563533909208,0.9708749128064447,99,-3.548068943142172,0.6148815844199972,95,E51,2042
W00,S1_CONDITION,neg_log10_mol_l,E51_NO_TIME_EFFECT,locked_common,40478,40478,0,1.0,99,2988,590b6f64a49ddedcf93e3722c7e015a52fe876d6958c3f1475d373def40269f6,0.7426384249668936,1.019535479835141,0.7277045776894661,26,15b62f40c74c7786064426ac,0.7719533132563846,0.7212831659238247,99,1.0163572247546977,0.9648473438849525,99,-1.052466143853958,0.6181741478957302,95,E51,3407
W00,S1_CONDITION,neg_log10_mol_l,E51_NO_TIME_EFFECT,locked_common,40478,40478,0,1.0,99,2988,590b6f64a49ddedcf93e3722c7e015a52fe876d6958c3f1475d373def40269f6,0.7402935589791483,1.0146866290372056,0.7302884606831359,24,15b62f40c74c7786064426ac,0.7715947856911768,0.7042593117225762,99,1.0106415943650622,0.9575371589009997,99,-2.141245621689227,0.6228610079036419,95,E51,8417
