route,split_id,target_scale,model,cohort_scope,n_cohort,n_predicted,n_unestimated,coverage,n_heads,n_parents,identity_sha256,pooled_mae,pooled_rmse,pooled_r2,n_negative_r2_heads,source_run_id,task_macro_mae,median_task_mae,n_defined_task_mae,task_macro_rmse,median_task_rmse,n_defined_task_rmse,task_macro_r2,median_task_r2,n_defined_task_r2,family
M00,S3_PARENT,neg_log10_mol_kg,E30_C0,full,2084,2084,0,1.0,16,109,22e2beadec01b54c74413dea6c694038dd607b6a772eaae38d029b91d0a0d2e3,0.8839448334346143,1.1383257593963483,0.3112757338829606,1,8758bd83a729e82386c36de8,0.9182876066131089,0.9322635379069236,16,1.172196337611768,1.2236976268531392,16,0.23918052302444248,0.23449022294576682,16,E30
M00,S3_PARENT,neg_log10_mol_kg,E30_C0,locked_common,2084,2084,0,1.0,16,109,22e2beadec01b54c74413dea6c694038dd607b6a772eaae38d029b91d0a0d2e3,0.8839448334346143,1.1383257593963483,0.3112757338829606,1,8758bd83a729e82386c36de8,0.9182876066131089,0.9322635379069236,16,1.172196337611768,1.2236976268531392,16,0.23918052302444248,0.23449022294576682,16,E30
M00,S3_PARENT,neg_log10_mol_kg,E30_C1,full,2084,2084,0,1.0,16,109,22e2beadec01b54c74413dea6c694038dd607b6a772eaae38d029b91d0a0d2e3,0.8810574843014747,1.1320723073500583,0.3188220342881951,1,00362b173c9d21889d75f273,0.9140288489683611,0.9338182431331233,16,1.1647037133569382,1.2191828295076275,16,0.24924756554010813,0.24202137089330983,16,E30
M00,S3_PARENT,neg_log10_mol_kg,E30_C1,locked_common,2084,2084,0,1.0,16,109,22e2beadec01b54c74413dea6c694038dd607b6a772eaae38d029b91d0a0d2e3,0.8810574843014747,1.1320723073500583,0.3188220342881951,1,00362b173c9d21889d75f273,0.9140288489683611,0.9338182431331233,16,1.1647037133569382,1.2191828295076275,16,0.24924756554010813,0.24202137089330983,16,E30
M00,S3_PARENT,neg_log10_mol_kg,E30_C2,full,2084,2084,0,1.0,16,109,22e2beadec01b54c74413dea6c694038dd607b6a772eaae38d029b91d0a0d2e3,0.9090378472797479,1.1623779710922892,0.28186350263525206,0,741c23534588f14f8a66eac9,0.9448419943893518,0.9497685941598779,16,1.1934918700281008,1.2264721437093313,16,0.2136923182974828,0.1741065936727773,16,E30
M00,S3_PARENT,neg_log10_mol_kg,E30_C2,locked_common,2084,2084,0,1.0,16,109,22e2beadec01b54c74413dea6c694038dd607b6a772eaae38d029b91d0a0d2e3,0.9090378472797479,1.1623779710922892,0.28186350263525206,0,741c23534588f14f8a66eac9,0.9448419943893518,0.9497685941598779,16,1.1934918700281008,1.2264721437093313,16,0.2136923182974828,0.1741065936727773,16,E30
M00,S3_PARENT,neg_log10_mol_kg,E31_A_KEEP,full,2089,2089,0,1.0,16,109,64fa6f0b6313f04238c2c1b1b4fe43ac5a9f5cab3da69d8bc4cd9a64cba74d0b,0.8878203174451511,1.151796684869362,0.3082340871962509,1,7899827af17a9bda9a64a691,0.9164884436601755,0.9292472335614105,16,1.1769865496209646,1.2060057685234744,16,0.24524063692528186,0.23429519577639962,16,E31
M00,S3_PARENT,neg_log10_mol_kg,E31_A_KEEP,locked_common,2089,2089,0,1.0,16,109,64fa6f0b6313f04238c2c1b1b4fe43ac5a9f5cab3da69d8bc4cd9a64cba74d0b,0.8878203174451511,1.151796684869362,0.3082340871962509,1,7899827af17a9bda9a64a691,0.9164884436601755,0.9292472335614105,16,1.1769865496209646,1.2060057685234744,16,0.24524063692528186,0.23429519577639962,16,E31
M00,S3_PARENT,neg_log10_mol_kg,E31_B_TRAIN_ONLY_QC,full,2089,2089,0,1.0,16,109,64fa6f0b6313f04238c2c1b1b4fe43ac5a9f5cab3da69d8bc4cd9a64cba74d0b,0.8824119940074536,1.15475574593481,0.30467511357987676,1,3d5b8c90446fe0142af85a95,0.912867168826076,0.9339737979857731,16,1.1808082842495846,1.2025039930218164,16,0.24044176278436769,0.221306644942509,16,E31
M00,S3_PARENT,neg_log10_mol_kg,E31_B_TRAIN_ONLY_QC,locked_common,2089,2089,0,1.0,16,109,64fa6f0b6313f04238c2c1b1b4fe43ac5a9f5cab3da69d8bc4cd9a64cba74d0b,0.8824119940074536,1.15475574593481,0.30467511357987676,1,3d5b8c90446fe0142af85a95,0.912867168826076,0.9339737979857731,16,1.1808082842495846,1.2025039930218164,16,0.24044176278436769,0.221306644942509,16,E31
M00,S3_PARENT,neg_log10_mol_kg,E40_FP2048,full,2177,2177,0,1.0,16,115,8a21f9bd0ba4edbcb91e74f5c2920757472d7ff06f29dffaf613db14b2fa9681,0.9222887051629594,1.1937116284031837,0.2592862689292711,0,3317147f1b65340686da502c,0.9418763995773816,0.9909031839126083,16,1.2087401484774944,1.2746969316927457,16,0.19745795063428145,0.2255482858002832,16,E40
M00,S3_PARENT,neg_log10_mol_kg,E40_FP2048,locked_common,2177,2177,0,1.0,16,115,8a21f9bd0ba4edbcb91e74f5c2920757472d7ff06f29dffaf613db14b2fa9681,0.9222887051629594,1.1937116284031837,0.2592862689292711,0,3317147f1b65340686da502c,0.9418763995773816,0.9909031839126083,16,1.2087401484774944,1.2746969316927457,16,0.19745795063428145,0.2255482858002832,16,E40
M00,S3_PARENT,neg_log10_mol_kg,E40_FP512_CORE_REFERENCE,locked_common,2177,2177,0,1.0,16,115,8a21f9bd0ba4edbcb91e74f5c2920757472d7ff06f29dffaf613db14b2fa9681,0.8914680077856555,1.1478738295413196,0.31507998825719197,0,9c98fed3f8a06a5b3b6692c9,0.9225125012839137,0.9649579100429144,16,1.175538407386551,1.1944463381148505,16,0.24142421513543214,0.22810530074175522,16,E40
M00,S3_PARENT,neg_log10_mol_kg,E50_FULL_TAXONOMY_CORE_REFERENCE,locked_common,2177,2177,0,1.0,16,115,8a21f9bd0ba4edbcb91e74f5c2920757472d7ff06f29dffaf613db14b2fa9681,0.8914680077856555,1.1478738295413196,0.31507998825719197,0,9c98fed3f8a06a5b3b6692c9,0.9225125012839137,0.9649579100429144,16,1.175538407386551,1.1944463381148505,16,0.24142421513543214,0.22810530074175522,16,E50
M00,S3_PARENT,neg_log10_mol_kg,E50_TAXONOMY_IDENTITY,full,2177,2177,0,1.0,16,115,8a21f9bd0ba4edbcb91e74f5c2920757472d7ff06f29dffaf613db14b2fa9681,0.9176432326677815,1.181542794092631,0.27431113673812524,0,55807ff6c0b066f268c95c1c,0.9545913665116633,0.9873270510754208,16,1.2158626947107045,1.2493364074680233,16,0.1902393757799108,0.17582685337256226,16,E50
M00,S3_PARENT,neg_log10_mol_kg,E50_TAXONOMY_IDENTITY,locked_common,2177,2177,0,1.0,16,115,8a21f9bd0ba4edbcb91e74f5c2920757472d7ff06f29dffaf613db14b2fa9681,0.9176432326677815,1.181542794092631,0.27431113673812524,0,55807ff6c0b066f268c95c1c,0.9545913665116633,0.9873270510754208,16,1.2158626947107045,1.2493364074680233,16,0.1902393757799108,0.17582685337256226,16,E50
M00,S1_CONDITION,neg_log10_mol_kg,E51_FULL_CONDITION_CORE_REFERENCE,locked_common,2176,2176,0,1.0,16,363,5418f9cdeb0f578e32dbb7c54261cad33dacd89e16a442fab4a831f5d21adc40,0.628326940472438,0.8511880377178009,0.6279725706160163,0,b6b89fac0765c8c68f2f9383,0.6597334892915905,0.6533504126755856,16,0.883143626470258,0.8998575224728006,16,0.5758300586129864,0.6123565511674727,16,E51
M00,S1_CONDITION,neg_log10_mol_kg,E51_NO_TIME_EFFECT,full,2176,2176,0,1.0,16,363,5418f9cdeb0f578e32dbb7c54261cad33dacd89e16a442fab4a831f5d21adc40,0.6488113222250834,0.8792430749396409,0.6030444749640825,0,e72db5ed1a42889359d4b5d8,0.6776625646116143,0.6443797217963243,16,0.9105362861888255,0.9061316250041771,16,0.550341516702543,0.5778944422222915,16,E51
M00,S1_CONDITION,neg_log10_mol_kg,E51_NO_TIME_EFFECT,locked_common,2176,2176,0,1.0,16,363,5418f9cdeb0f578e32dbb7c54261cad33dacd89e16a442fab4a831f5d21adc40,0.6488113222250834,0.8792430749396409,0.6030444749640825,0,e72db5ed1a42889359d4b5d8,0.6776625646116143,0.6443797217963243,16,0.9105362861888255,0.9061316250041771,16,0.550341516702543,0.5778944422222915,16,E51
W00,S3_PARENT,neg_log10_mol_l,E30_C0,full,37523,37513,10,0.9997334967886363,93,965,d9bccfed9389eb5d53fb552f03ccf56e25e2c51b990cc90774f5f6b0cf155243,1.0116716645378332,1.3200079478619673,0.5475638721125978,22,cf73a2e27266a8d251e7c30e,1.0454845950820109,0.9989188501697428,92,1.2950380129472223,1.3053243218414157,92,-34.47209433481532,0.4113693822893105,89,E30
W00,S3_PARENT,neg_log10_mol_l,E30_C0,locked_common,37505,37505,0,1.0,91,965,6593098001b186df8a89d427de075cf08e837679f3114cba9d061bb34da9042d,1.0114577439858208,1.3198158088135798,0.5475605682508291,21,cf73a2e27266a8d251e7c30e,1.0348354373088322,0.996391386999491,91,1.2869631316983665,1.301921914205177,91,-34.11778719140964,0.41607101124926016,88,E30
W00,S3_PARENT,neg_log10_mol_l,E30_C1,full,37523,37513,10,0.9997334967886363,93,965,d9bccfed9389eb5d53fb552f03ccf56e25e2c51b990cc90774f5f6b0cf155243,1.0363107768417992,1.3390009155192069,0.5344504271365391,24,5d367228d0db5ee24cfd11aa,1.0708153178031599,1.029778112512875,92,1.3149960530905687,1.3186467946471339,92,-34.887340828038695,0.40618683353182206,89,E30
W00,S3_PARENT,neg_log10_mol_l,E30_C1,locked_common,37505,37505,0,1.0,91,965,6593098001b186df8a89d427de075cf08e837679f3114cba9d061bb34da9042d,1.0360997642418943,1.3388119955056297,0.5344428660401074,23,5d367228d0db5ee24cfd11aa,1.06032357160572,1.0248496034519106,91,1.3070208697784338,1.3181282698535361,91,-34.5296071748965,0.4066188116670541,88,E30
W00,S3_PARENT,neg_log10_mol_l,E30_C2,full,37523,37513,10,0.9997334967886363,93,965,d9bccfed9389eb5d53fb552f03ccf56e25e2c51b990cc90774f5f6b0cf155243,1.0593129514858444,1.3722101243776168,0.5110714213519634,26,c4d8d1bbda4f243a5906b044,1.0802524859899172,1.05393437201658,92,1.326292846445847,1.3357365467709932,92,-23.417368201825163,0.37525493721423686,89,E30
W00,S3_PARENT,neg_log10_mol_l,E30_C2,locked_common,37505,37505,0,1.0,91,965,6593098001b186df8a89d427de075cf08e837679f3114cba9d061bb34da9042d,1.0591098714477953,1.3720372233733504,0.5110487237827772,25,c4d8d1bbda4f243a5906b044,1.0700203423758912,1.0528722475232792,91,1.3185963792310884,1.3286747958759013,91,-22.939811048192794,0.3766643661666686,88,E30
W00,S3_PARENT,neg_log10_mol_l,E31_A_KEEP,full,37622,37612,10,0.999734198075594,93,966,e77ec6f991730aab15955503abb2775a3ec9dd7a889521c81a8e6adee17d0afd,1.0036648299198265,1.3223805316757264,0.5512327556701423,22,9e97d0a454ea3cd39b1c9fb0,1.0508054329803809,0.9865577015189073,92,1.3111675400872789,1.2924594773952696,92,-33.48648139606422,0.425998872241506,89,E31
W00,S3_PARENT,neg_log10_mol_l,E31_A_KEEP,locked_common,37604,37604,0,1.0,91,966,29b500f1000697585aa198ba70577a2a530bb4b6523a8eadab11daf88a715590,1.0034476506861962,1.3221865202248007,0.551233974584223,21,9e97d0a454ea3cd39b1c9fb0,1.040105318863687,0.9842462543962369,91,1.3031616099908363,1.2909401146410675,91,-33.11360187760386,0.42688683178124354,88,E31
W00,S3_PARENT,neg_log10_mol_l,E31_B_TRAIN_ONLY_QC,full,37622,37612,10,0.999734198075594,93,966,e77ec6f991730aab15955503abb2775a3ec9dd7a889521c81a8e6adee17d0afd,1.0222122241014413,1.3478816789790258,0.5337575664882872,23,e1e5fc6b16c0053da07b6bc8,1.064948909653299,1.0095064840990577,92,1.3268858821545706,1.3233486707613071,92,-32.65343282070685,0.40466165917083396,89,E31
W00,S3_PARENT,neg_log10_mol_l,E31_B_TRAIN_ONLY_QC,locked_common,37604,37604,0,1.0,91,966,29b500f1000697585aa198ba70577a2a530bb4b6523a8eadab11daf88a715590,1.0219977155692646,1.3476947800773365,0.5337513228509085,22,e1e5fc6b16c0053da07b6bc8,1.054338352840716,1.0059908489474534,91,1.3189867997409863,1.3192353437447777,91,-32.2665845305738,0.4060209720851931,88,E31
W00,S3_PARENT,neg_log10_mol_l,E40_FP2048,full,40430,40420,10,0.9997526589166461,95,1033,1e3dcd3b39c7859de0150b1751ebc4ab8ab76664958545a43ff0f6b9eb99891f,1.0031632185237167,1.3107051802901482,0.5577427432939894,24,8bdaa2ba22ca1a4ded790cb3,1.0088813709635274,0.9594660831431476,94,1.259963350627079,1.2463477387417359,94,-17.663134491457015,0.3809817408680558,93,E40
W00,S3_PARENT,neg_log10_mol_l,E40_FP2048,locked_common,40410,40410,0,1.0,92,1033,d87bcedf5a8b86d1a4787dff8d94f35fa84f744d2eeb0b0061b5c05bf66a7e58,1.0029826178256083,1.3105440033447395,0.5577175047785393,23,8bdaa2ba22ca1a4ded790cb3,1.0026780499578172,0.9594660831431476,92,1.2577304779297156,1.2463477387417359,92,-17.324742314239742,0.38221941946188787,91,E40
W00,S3_PARENT,neg_log10_mol_l,E40_FP512_CORE_REFERENCE,locked_common,40410,40410,0,1.0,92,1033,d87bcedf5a8b86d1a4787dff8d94f35fa84f744d2eeb0b0061b5c05bf66a7e58,1.0375618044949684,1.3413558612795309,0.5366762544185425,26,3b49bf8c75e42f160b2c68e9,1.01731220645028,0.9928081224018124,92,1.2718837936232636,1.2811920261570164,92,-15.443909719134913,0.38350977126507135,91,E40
W00,S3_PARENT,neg_log10_mol_l,E50_FULL_TAXONOMY_CORE_REFERENCE,locked_common,40410,40410,0,1.0,92,1033,d87bcedf5a8b86d1a4787dff8d94f35fa84f744d2eeb0b0061b5c05bf66a7e58,1.0375618044949684,1.3413558612795309,0.5366762544185425,26,3b49bf8c75e42f160b2c68e9,1.01731220645028,0.9928081224018124,92,1.2718837936232636,1.2811920261570164,92,-15.443909719134913,0.38350977126507135,91,E50
W00,S3_PARENT,neg_log10_mol_l,E50_TAXONOMY_IDENTITY,full,40430,40420,10,0.9997526589166461,95,1033,1e3dcd3b39c7859de0150b1751ebc4ab8ab76664958545a43ff0f6b9eb99891f,1.0786733632101464,1.3887781630720555,0.5034869197582907,27,7f4755911831be45a092da99,1.0416653427655924,1.01572741021281,94,1.2943859564021567,1.3138712204376173,94,-16.97035573458603,0.33034227910337677,93,E50
W00,S3_PARENT,neg_log10_mol_l,E50_TAXONOMY_IDENTITY,locked_common,40410,40410,0,1.0,92,1033,d87bcedf5a8b86d1a4787dff8d94f35fa84f744d2eeb0b0061b5c05bf66a7e58,1.0785126261545555,1.388645377466588,0.5034314141321365,26,7f4755911831be45a092da99,1.0362448979345544,1.01572741021281,92,1.292461308058163,1.3138712204376173,92,-16.619864534440563,0.3308729060710457,91,E50
W00,S1_CONDITION,neg_log10_mol_l,E51_FULL_CONDITION_CORE_REFERENCE,locked_common,40478,40478,0,1.0,99,2988,590b6f64a49ddedcf93e3722c7e015a52fe876d6958c3f1475d373def40269f6,0.6911233965880651,0.9606751031562633,0.7582376191109954,22,9f7cc023b2075b648d7b7191,0.7278008899570051,0.662316467492468,99,0.9604315889265046,0.8981372556459775,99,-2.0152683034781176,0.6729581786075581,95,E51
W00,S1_CONDITION,neg_log10_mol_l,E51_NO_TIME_EFFECT,full,40479,40479,0,1.0,100,2988,fc11878033b7dd0a3d48453aabe1c55e22ca679563e67bfb1f97cec1e60c85ab,0.7162320424014372,0.9900839215675507,0.7432074679072919,25,15b62f40c74c7786064426ac,0.7636487355404162,0.6883282660957569,100,0.9983294287743699,0.943609379077544,100,-2.1409484868062307,0.6389512248606501,95,E51
W00,S1_CONDITION,neg_log10_mol_l,E51_NO_TIME_EFFECT,locked_common,40478,40478,0,1.0,99,2988,590b6f64a49ddedcf93e3722c7e015a52fe876d6958c3f1475d373def40269f6,0.716219345111284,0.9900772704282919,0.7432125270857197,25,15b62f40c74c7786064426ac,0.7589361676850161,0.6882767201668104,99,0.9959873729718378,0.941841706813036,99,-2.1409484868062307,0.6389512248606501,95,E51
