path,bytes,sha256
code/censor_gaussian.py,4699,73e6d802e319665674307a80c8fd1206f174aebbced111fe542a10b14928ebf3
code/cleaning/annotate_species_habitat.py,29716,5e29092f92c98ad4e25e999765dedd55b5a970f44b5ec8ec73d49a8424705da1
code/cleaning/build_clean_ecotox_sqlite.py,20147,d09dc4276a54f5e3966b50a7575884fb3261b741d6a57fd7b069f4b8e1e40c35
code/cleaning/curate_ecotox_categories.py,16532,d8d1e38b12ae9a6842eb68da2e263c5923c3607441a20abf18c1d75f3797df99
code/cleaning/standardize_clean_ecotox_sqlite.py,17692,d135a3ab037ece1b46864887d7161a072fddb3d02225f9252580067c2efeb1fc
code/data_split/audit_assignments.py,3224,5d0b18aad4569824e4caa58d62053a508a514b2b1f11858677f2993c6a83fcb1
code/data_split/audit_exact_qualifiers.py,4141,dc9ae804fd66bf3e1e18f3598b2bbea26a7fa392ad7c2764f5e62f4651eeb16e
code/data_split/audit_sources.py,6741,94ae9429add9d9e6b35839028cb0ab2f5d474e9afb5a5bac15341b3b789a1dc5
code/data_split/blind_builder.py,5292,5390958982ed9fd3db5d4f310199b32cd2604118a73a99a4d969ebf878b04d7f
code/data_split/finalize_e31_flags.py,1811,c431a4441150deba6bb27d7231c0e918854322e341e87a6cb9b31d4f79eb8dfb
code/data_split/materialize_e30.py,9164,c5db30913bb94a0d6e0fbde637a7867d750851ebf4baffa726a2379eb13f72d3
code/data_split/materialize_e31.py,12992,9d9f25315bb78dc70341f6b86692fec1f82ab1e6ab43787a3adaa080aa63d0c5
code/data_split/materialize_source.py,3681,363060a0a3b063b6ce813f14addbf664d846c9fddb52f9aa5151de0a3034ef69
code/data_split/materialize_submitted.py,4351,b85f13bf5115632f27108771532c66a62d1dab04121ce8a9d0a14acb1f692c2b
code/data_split/prepare_submitted.py,3423,37b923b1d6560936fd6d2c9c0d2aa373fb004cfad66acd12a5cbefbeb2f813fc
code/data_split/test_blind_builder.py,2020,1d239539831cc89d8d990d903721fc8c42b468e716d46ce6bc7296ad8394e92e
code/data_split/update_data_status.py,1726,8c39315d3eda85718bf402ebfbbd09a5a7533e29d23cc9fa220a69ef11f2b2bd
code/data_split/validate_new_views.py,4532,1acc04341c96178b2a059e20bf5ac8374dfcae6a3880a8a9436372e7dc5838c5
code/qsar_tl/__init__.py,69,284a3c2d6bc0a3dc5eb9b0b29474270d5623df72ddf8739ed955f06441bb5790
code/qsar_tl/cli.py,20863,2380c9a6312ab301d2af3629eff0dbbde53649f2524aa43c2ad0f5d4156aa4ca
code/qsar_tl/config.py,2891,6457ddb7367db96433a3de03316417ed521b0eab768c080c85e797443c4cf170
code/qsar_tl/data/__init__.py,72,b5e700656cc17973ca9b72bff73afc15804575e7d987fede3343b902f98d1d03
code/qsar_tl/data/aggregation.py,348,3c3f44ad444a74f8aeade46080369294751117c6539b7b772adc96a7a2119555
code/qsar_tl/data/duration.py,871,efba7ac66e25427e18c8058db8503496dac87a72f244fcc529f1ec46bc555b4d
code/qsar_tl/data/field_mapping.py,584,54404506987233cf263d86400a3b3518420b5eef8290d547fce0a803596aaf8f
code/qsar_tl/data/medium.py,6160,f62963c5f84232f75dfaf517e72009defc18cfc3c95d07a6f9e96cee6e8a1787
code/qsar_tl/data/modeling_tables.py,10391,80b93cbdea6879a1269991a7dd9aba9a3b74a79a94c1da3ab3f3c450bbfc6c39
code/qsar_tl/data/qc_aggregation.py,17578,3ab4e0c1b2b3bb15d1999c216004b91889d1dd5f85530b6070a52d1412bcf3f8
code/qsar_tl/data/reference_weighting.py,1988,d2429f99fc0460e934fe34d8988d0448423c38ab85a29e1905879f9b7299d7bd
code/qsar_tl/data/sqlite_scan.py,800,b255866d94aec9bd9e867eddc6c85192578a61c180e8f8f9eec1999d7f1fe9b2
code/qsar_tl/data/target_builder.py,14521,37affa2a194f1efb9697adb5f0aa40c0ab60221b8baa1846080a4d320d554d35
code/qsar_tl/data/task_mapping.py,6470,d6e6ffdd937d4b7ea58a03e5227d237a91cc1aadf683d5d8a334de09258be405
code/qsar_tl/data/task_tables.py,12013,16ad255b034deccad338342296d1e17f2f7b57781556872da9829c28e6d4bcf4
code/qsar_tl/data/unit_normalizer.py,13782,bf874ce085d5b54451b541b5999723bdb90b899174ad6c357873cc260c36c117
code/qsar_tl/evaluation/__init__.py,47,4e466a754349509c8fef7bdae55553137fdcc8d3ad8a1f6d23ee4e7ffb55d5f9
code/qsar_tl/evaluation/application_domain.py,14220,9d29594ad9fb1554483f3b01ec5b621d6065780c86b6ba192704699e781c3481
code/qsar_tl/evaluation/metrics.py,973,69c70156296c2bd49e17b0da14d0aaa556563bd7fb5f365b7117808986712ebd
code/qsar_tl/evaluation/reporting.py,2137,2b880a0df70ea1301ca9042d2ac98d862b41db0c2f3b88750a4ef173e762fe4c
code/qsar_tl/evaluation/splits.py,23709,18445aa156451232453a12cea4c021ce78633c5105a8dc5a6d127e19612fda1b
code/qsar_tl/features/__init__.py,74,ce0a92f2706a47fb952a538e64361652dd1b437f4c8df5d30b64bafba358afe0
code/qsar_tl/features/descriptor_groups.py,4577,c64a0aaa9f39eb396b9eadb03dbb9a4960775b59826f1f84f4582fe97d714e81
code/qsar_tl/features/molecular_graph.py,6066,f5f20efcdce0f89433b490a66be9042fd766ac10d4f70bef9fefc0b1be7d78f1
code/qsar_tl/features/molecule.py,1735,46d47d26f7fe7da741981a670507a985c34579b5f68f86df09d222400ec729c8
code/qsar_tl/features/padel.py,17632,81b6010399fa955509a52c19c5f2e67e65be15c616c49b5e0002043d69ce6434
code/qsar_tl/features/species.py,1274,3d8d5ef161ed8134d76167fd99776d802a6b796eced6a34778ebb041f651fbcc
code/qsar_tl/gui/__init__.py,78,ce4936aac1f99210301112c7d3f4480b23baf5f02916568da0de229cf4b63e33
code/qsar_tl/gui/app.py,8667,2a68cc149f945c346aca7c761fa1cb7ce4a561b7a288850ece4f9bbcea86610d
code/qsar_tl/gui/job_model.py,2555,64db173508ac53377d90aec8f4ac9a8d97664928c6dcca643a1ab1f728e142c5
code/qsar_tl/gui/process_runner.py,5654,9bf31c1cf316b025b6b499631f220d60c2e520f888368a398f199843056f7a67
code/qsar_tl/gui/widgets.py,8959,edc829c93afb90c371d55daba129591836df778b03d43fd9e0af65d1ccd4ceed
code/qsar_tl/modeling/__init__.py,45,357d6c1f79ece2ad208748ecff0b4341b328d9945007b1137c918d75b61ade84
code/qsar_tl/modeling/dataset.py,9233,8d3beb3a3d4260aef8647d821c54c6fcd6f6f787d62136681a912b20778be5ad
code/qsar_tl/modeling/losses.py,289,8f332119e6b7f884554035e2987adb770b63714c8343b3cafa44d2bb0da5cd2f
code/qsar_tl/modeling/network.py,32385,8a70e36673dc867a93940f43e01cd2cf05c0ae08c131fb884f2a177a467f2ed6
code/qsar_tl/modeling/preprocessing.py,4926,336dda0c739a8a62acb5a2f09a111d6bff74823d6352ed3c1b403ae4906185e7
code/qsar_tl/modeling/task_registry.py,724,0a6cbf8b2aa8c1e9c515aa8fbb7e8dc8efc282acc5b4b01d7681d29b7fbcd6e8
code/qsar_tl/training/__init__.py,56,9a9873a9819a0369096e4b620df598024dbc1052f63d8c32f8328d6cc31f62f6
code/qsar_tl/training/baseline.py,36257,594c6a9c38bd60c726cbfc4d6bf72bf33951e51170a7398d6794ed3d67b55e75
code/qsar_tl/training/censored_loss.py,4498,81760d89912653f8bf985157ccd0db2065ae696716f0a4898bd49fb9291635d2
code/qsar_tl/training/deep_experiment.py,299540,5448a2d1a8dc489f880956b479512923f32d3aab259c6bd4fcb648db411c9393
code/qsar_tl/training/deep_train.py,18695,0bc037b194bde575b85d43e8ae17c517e21478561d3d63c9cdc5bea7ff6275d0
code/qsar_tl/training/frozen_encoder_injection.py,4097,67d1f94f23e6cb06cacdad395125714c1ea93df694ac26372435ed4fffb321fc
code/qsar_tl/training/ordinal_binning.py,1281,ed174254267da5d9c71dd48a746e657033f2749e0ed402e2f518e1b674359f47
code/qsar_tl/training/runner.py,2662,96f91ccfa2767d7656285e45a9a35c65beafe9bcaf1cb0d5a9dc0915a1eea325
code/qsar_tl/training/toxicity_binning.py,12232,51b411bb26e1305a7c9465f82b9fc82e3a335a53017b7c8d3f19ef4363a3f52e
code/qsar_tl/training/traditional_comparison.py,49346,5342c815cb2ab002af3deec0ad20f4384adb96a60cd44c6d45c2cc7a4d4ab62a
code/qsar_tl/training/traditional_domain_comparison.py,38938,5c39f5a297df07086407664225c4bd1e27882034a5f76af07ecfe3ad0c4eab7b
code/qsar_tl/training/train.py,20359,3334bb409d403e7d376f7663f0dad5d61ffbc44ec30d6464bac584054d9948ea
code/qsar_tl/web/__init__.py,57,52a000d6e53a96ba02a72e2970e38b476c45563bac4eb57e96277baa501f3a59
code/qsar_tl/web/app.py,15888,5fb0dbb6f170d0064b70905ec6f5cf90cedc9297f566ce0caaaf5e9a9bb6b702
code/qsar_tl/web/prediction_service.py,94767,cefa719d9a5275312254289aef1a76949d08d3f5368265c7de5952132dfa786d
code/qsar_tl/web/schemas.py,6345,27eafc07fb9306305fdbe2cd3d4e11469aee5cc1212f9a87039b7e63e9a1495a
code/qsar_tl/web/settings.py,6670,004dec89fda762e9d8e17df2d6ce3a91ad8d83d3290151557a798f324843cb93
code/qsar_tl/web/species_repository.py,17711,bfd6c5bb4ecf707542cbff1886ee74a7638ce4798eeddd5daf3950e552e34134
code/revision_pipeline/build_data.py,18896,c712e902e481a0cb810c98cd0a0ff63bd2add29c952f76cc733a7ddcea856694
code/revision_pipeline/materialize_splits.py,2195,b0fac28bf8a97b083064c2c3a23448d5915ac42504de695111a0e33d86f1f24d
code/revision_pipeline/run_matrix.py,11680,deb23aae7dd5b55a195c890b82e138cd416da7dd877bde237294de3a06ccd6f7
code/revision_pipeline/splits.py,11668,00b4ce414419ad41261e9a5dc33b9901d500ea4b3e4f326493f45d717521e919
code/revision_pipeline/train.py,31994,3f85cf618778bb948c5607c56fafbc9f33ad74904d35d0e7169dfc4fe0d93708
code/revision_pipeline/train_contract.py,4596,58008a0835f10831a642862ef1ead0431aaad168917f7a450982e47bfc787e03
code/revision_pipeline/train_contract_checks.py,1061,ec93475faa3330a051a79d5a000544e2698b5623c6afde82173e95a8c56617a1
code/revision_pipeline/trees.py,21068,58c6d564a2de42ee1b3f85a5e80a87331636628c149f98213c9acf52ed53706a
code/scripts/build_scaffold_cluster_splits.py,36017,2819f12e388e9a3b22dd196463dc98923bdbb506122755a17285fa73acfa0ec4
code/statistics_evidence/metrics.py,10132,522574e30ae1e8940598c3fe308702a99f17307ab65a596fe572288e48a30ced
code/training_controls/__init__.py,81,5546f7d204859a22c497b341cd217dd4789b4a1f4d0ef5b23bf549cecfce9251
code/training_controls/adapter.py,9021,8c460cfb08cb7333a25702224fa26a1140a55aafcecd09bbb1f13c213e99977a
code/training_controls/audit_sources.py,3230,a4cd4f6c10524e116b92f7485b4ed5270c0584c81a48792ff06a7700e9e05e3f
code/training_controls/runner.py,21917,92dfad8126fdb243334d10f2e93e780de6d77d09996784e1511f3588048e14a3
code/training_controls/sensitivity_runner.py,22756,7375a5696a873db6731e6b48d7b1ba0c0a3af29a88a1682ac9f3dd4c105fa684
code/training_controls/test_adapter.py,12309,8c5d5b0d617f2a8423679dfdcc0603608a4a7d4b8e3ead056dd6706aa66394c9
code/training_controls/test_sensitivity.py,8524,7d64a784b14bab06ab023a029e8377251c1c91258108082dfde2c7f6bef5fd24
results/E10/E10_TASK_LEVEL_RESULTS.csv,135995,febca4083835fd6084ce9dd936c5663a21596c55f3b1f6412f52f69d26c5b510
results/E11/E11_DEEP_VS_TRADITIONAL_36.csv,15045,1a6602374d6c4a6b45554d23629494d42f60ebfac9b55f4bd94af61b70038ce4
results/E11/E11_TRADITIONAL_CONTEXT_VS_MOL_18.csv,7938,c941b0fd161e5b13b09f269c183be889212d20739beb357423514c2188022246
results/E20/E20_FORMAL_18_CONTRASTS.csv,4697,c918fad102efc9702b642fda5b240d14db56f99a442d67bd6d9955cfaa5a0d12
results/E20/E20_TASK_FRACTION_SUMMARY.csv,1113,eebd5dd3a8072b647ec949673492f2b2523b55ad7d2a1ac75ba5e717ea3817da
results/E61/E61_FINALTEST_FROZEN_COVERAGE_TRAJECTORY.csv,2223,27c9b3eda18698ed5a97a02edfaf5ac3486d1fbffab5cb668e51f6425af16e19
results/E61/E61_FINALTEST_ROUTE_SUMMARY.csv,1431,14ab4c9600467bbbd0bc37eaf055cf78ea3f16fc137c49541d7392d9d4e97272
results/E61/E61_FINALTEST_TASK_SCOPE_EFFECTS.csv,9080,660410447983c8505ee9a7b77cc8e5f95f3d46cd925597eb54c9cd1dd6f6419f
results/E72/overall_metrics.csv,1048,f458a0aadfca69c695e5d5994657179663377c0812a1abb2503798447291b3d9
results/E72/paired_task_statistics.csv,11335,eafd8d68252c3121fbcbbfd4a9ccdcbf4f6b5f4507531810253c49a72c6a00c4
results/E72/seed_metrics.csv,628,77076dc0d629c6081d1900db70cc8d3cf153f31e1ffd7db1e16e430b727af091
results/E72/stratified_metrics.csv,5649,06712db1357c67fbcf901491b9dd87051122ff396652737d898b138b4125ada8
results/E90/e90_88_locked_contrasts.csv,20243,0fe6d0c0d5e4dfd88ecad07a196fe30f4b85b95e0407e4e45b33c5436e4e1fbc
results/E90/e90_ensemble_descriptive.csv,8853,16a17d5805903d15f8ce0ae85e1760fc1911609801b4dba476746820a3ae7d20
results/core/authoritative_contrasts.csv,9532,1fc9ee6b8260d30ff75f31bc01bbc69efa4b113a4358d79cf357305a446a1640
results/core/core_absolute_metrics.csv,19937,888944e2400fa0cdb95ce2b7915bd6592865fc226b7069014de4703b0523aae6
results/core/core_per_task_metrics.csv,521649,2559617a95b1e38212807bd7f54fb4bfa4c48b9904831d2bdd01c37dc49fabec
results/core/core_seed_mean_sd.csv,8189,86c9288d738251d418d170654efeb099b011b814e90f16b376899c678cfa4ca0
results/core/core_seed_metrics_locked_common.csv,40402,7cdef3ce6c8fa965aaf2d52dc0c2ebc44f9000727fbd1500e703ce1eb493a0c0
results/core/core_task_direction_counts.csv,1257,d58cc527fee619956b1da291813ef2a0356ef22a3d57ca8f12f58e7bcdc9cba0
results/core/metric_reproduction_checks.csv,6996,b04e2ce555fcb2ea7bc51a8bd4b877bbe65294479a740b98b3fd15dbae03779f
results/core/sensitivity_absolute_metrics.csv,14094,17f985e093468fc4e45774281abd615173fc66b114aa61550ac58891a77d149a
results/core/sensitivity_per_task_metrics_locked_common.csv,217268,5192ea218d145502d5a840f5380307779d6a2f74dc7a0a68d4eb71842689e89f
results/core/sensitivity_seed_mean_sd.csv,4735,0e4207d2fdcb4cab61e5d033de0622d046f3ed174b26582dc1539ff2dd86f869
results/core/sensitivity_seed_metrics_locked_common.csv,23650,15c3693d3d9aaa2857af222084b2ff2566b72d29df5212b3d6def375673e9765
