hypothesis_id,status,pairwise_common_n,fixed_task_n,parent_cluster_n,small_parent_cluster_warning,point_macro_mae_difference,point_pooled_mae_difference,ci95_low,ci95_high,p_raw,valid_replicates,invalid_replicates,first_better_task_n,tie_task_n,second_better_task_n,paired_identity_sha256,family,route,target_scale,split_id,algorithm,first,second,inference_role,p_holm,holm_significant_0_05
W00/S1_CONDITION/lightgbm/MTL_FULL_minus_MOL_RAW_CONTEXT,ESTIMABLE,40348,69,2983,False,-0.15755443067605784,-0.06227010933902617,-0.18444216347327708,-0.13263623545230616,0.0010045203415369162,1990,10,59,0,10,45b0f69af0afbb10fffd09383d6b3a3f49075db84063dc48580e091fac3c4f8a,E11_DEEP_VS_TRADITIONAL_36,W00,neg_log10_mol_l,S1_CONDITION,lightgbm,MTL_FULL,MOL_RAW_CONTEXT,SECONDARY_POST_HOC_COMPLETE_FAMILY,0.035982008995502246,True
W00/S1_CONDITION/random_forest/MTL_FULL_minus_MOL_RAW_CONTEXT,ESTIMABLE,40348,69,2983,False,-0.15808495677078935,-0.07181009411350675,-0.18294825090707273,-0.13475964557603162,0.0010045203415369162,1990,10,59,0,10,45b0f69af0afbb10fffd09383d6b3a3f49075db84063dc48580e091fac3c4f8a,E11_DEEP_VS_TRADITIONAL_36,W00,neg_log10_mol_l,S1_CONDITION,random_forest,MTL_FULL,MOL_RAW_CONTEXT,SECONDARY_POST_HOC_COMPLETE_FAMILY,0.035982008995502246,True
W00/S1_CONDITION/xgboost/MTL_FULL_minus_MOL_RAW_CONTEXT,ESTIMABLE,40348,69,2983,False,-0.12392549846765936,-0.055155263868615634,-0.14881360020831744,-0.10181277143179013,0.0010045203415369162,1990,10,55,0,14,45b0f69af0afbb10fffd09383d6b3a3f49075db84063dc48580e091fac3c4f8a,E11_DEEP_VS_TRADITIONAL_36,W00,neg_log10_mol_l,S1_CONDITION,xgboost,MTL_FULL,MOL_RAW_CONTEXT,SECONDARY_POST_HOC_COMPLETE_FAMILY,0.035982008995502246,True
W00/S1_CONDITION/lightgbm/MTL_MOL_minus_MOL,ESTIMABLE,40348,69,2983,False,-0.09194439251541432,-0.019497876391876643,-0.1211460401972915,-0.06588518031538948,0.0010045203415369162,1990,10,57,0,12,45b0f69af0afbb10fffd09383d6b3a3f49075db84063dc48580e091fac3c4f8a,E11_DEEP_VS_TRADITIONAL_36,W00,neg_log10_mol_l,S1_CONDITION,lightgbm,MTL_MOL,MOL,SECONDARY_POST_HOC_COMPLETE_FAMILY,0.035982008995502246,True
W00/S1_CONDITION/random_forest/MTL_MOL_minus_MOL,ESTIMABLE,40348,69,2983,False,-0.07849946386727291,-0.01736275099018622,-0.10168885692681981,-0.05517914878561851,0.0010045203415369162,1990,10,57,0,12,45b0f69af0afbb10fffd09383d6b3a3f49075db84063dc48580e091fac3c4f8a,E11_DEEP_VS_TRADITIONAL_36,W00,neg_log10_mol_l,S1_CONDITION,random_forest,MTL_MOL,MOL,SECONDARY_POST_HOC_COMPLETE_FAMILY,0.035982008995502246,True
W00/S1_CONDITION/xgboost/MTL_MOL_minus_MOL,ESTIMABLE,40348,69,2983,False,-0.07078052864239162,-0.017371496153386116,-0.09219950866102437,-0.051305382797650435,0.0010045203415369162,1990,10,55,0,14,45b0f69af0afbb10fffd09383d6b3a3f49075db84063dc48580e091fac3c4f8a,E11_DEEP_VS_TRADITIONAL_36,W00,neg_log10_mol_l,S1_CONDITION,xgboost,MTL_MOL,MOL,SECONDARY_POST_HOC_COMPLETE_FAMILY,0.035982008995502246,True
W00/S2_COMBINATION/lightgbm/MTL_FULL_minus_MOL_RAW_CONTEXT,CI_NOT_ESTIMABLE_INSUFFICIENT_VALID_REPLICATES,40363,69,2820,False,-0.1306302097299206,-0.08739140443683183,,,,1269,731,56,0,13,ba5d42c09e72a28e7af992520960a82eaba1ed57583c371ecca3a28bde0457d8,E11_DEEP_VS_TRADITIONAL_36,W00,neg_log10_mol_l,S2_COMBINATION,lightgbm,MTL_FULL,MOL_RAW_CONTEXT,SECONDARY_POST_HOC_COMPLETE_FAMILY,,False
W00/S2_COMBINATION/random_forest/MTL_FULL_minus_MOL_RAW_CONTEXT,CI_NOT_ESTIMABLE_INSUFFICIENT_VALID_REPLICATES,40363,69,2820,False,-0.13119536783852662,-0.0981725528015942,,,,1269,731,54,0,15,ba5d42c09e72a28e7af992520960a82eaba1ed57583c371ecca3a28bde0457d8,E11_DEEP_VS_TRADITIONAL_36,W00,neg_log10_mol_l,S2_COMBINATION,random_forest,MTL_FULL,MOL_RAW_CONTEXT,SECONDARY_POST_HOC_COMPLETE_FAMILY,,False
W00/S2_COMBINATION/xgboost/MTL_FULL_minus_MOL_RAW_CONTEXT,CI_NOT_ESTIMABLE_INSUFFICIENT_VALID_REPLICATES,40363,69,2820,False,-0.12186265681880598,-0.08324110109539351,,,,1269,731,54,0,15,ba5d42c09e72a28e7af992520960a82eaba1ed57583c371ecca3a28bde0457d8,E11_DEEP_VS_TRADITIONAL_36,W00,neg_log10_mol_l,S2_COMBINATION,xgboost,MTL_FULL,MOL_RAW_CONTEXT,SECONDARY_POST_HOC_COMPLETE_FAMILY,,False
W00/S2_COMBINATION/lightgbm/MTL_MOL_minus_MOL,CI_NOT_ESTIMABLE_INSUFFICIENT_VALID_REPLICATES,40363,69,2820,False,-0.0684252054879465,-0.01034943221357227,,,,1269,731,53,0,16,ba5d42c09e72a28e7af992520960a82eaba1ed57583c371ecca3a28bde0457d8,E11_DEEP_VS_TRADITIONAL_36,W00,neg_log10_mol_l,S2_COMBINATION,lightgbm,MTL_MOL,MOL,SECONDARY_POST_HOC_COMPLETE_FAMILY,,False
W00/S2_COMBINATION/random_forest/MTL_MOL_minus_MOL,CI_NOT_ESTIMABLE_INSUFFICIENT_VALID_REPLICATES,40363,69,2820,False,-0.055878559308554086,-0.007863042981079116,,,,1269,731,54,0,15,ba5d42c09e72a28e7af992520960a82eaba1ed57583c371ecca3a28bde0457d8,E11_DEEP_VS_TRADITIONAL_36,W00,neg_log10_mol_l,S2_COMBINATION,random_forest,MTL_MOL,MOL,SECONDARY_POST_HOC_COMPLETE_FAMILY,,False
W00/S2_COMBINATION/xgboost/MTL_MOL_minus_MOL,CI_NOT_ESTIMABLE_INSUFFICIENT_VALID_REPLICATES,40363,69,2820,False,-0.07409095827564668,-0.010997999646874968,,,,1269,731,58,0,11,ba5d42c09e72a28e7af992520960a82eaba1ed57583c371ecca3a28bde0457d8,E11_DEEP_VS_TRADITIONAL_36,W00,neg_log10_mol_l,S2_COMBINATION,xgboost,MTL_MOL,MOL,SECONDARY_POST_HOC_COMPLETE_FAMILY,,False
W00/S3_PARENT/lightgbm/MTL_FULL_minus_MOL_RAW_CONTEXT,ESTIMABLE,40292,69,1030,False,-0.028031375850326917,0.021175645058632172,-0.0717167954727121,0.023169404759279293,0.2980671414038657,1965,35,43,0,26,77d2fa700ecc9b76518088ac34fbacba377d11dbf32470836c4f0ab24c9a2fa2,E11_DEEP_VS_TRADITIONAL_36,W00,neg_log10_mol_l,S3_PARENT,lightgbm,MTL_FULL,MOL_RAW_CONTEXT,SECONDARY_POST_HOC_COMPLETE_FAMILY,1.0,False
W00/S3_PARENT/random_forest/MTL_FULL_minus_MOL_RAW_CONTEXT,ESTIMABLE,40292,69,1030,False,-0.05670051621988064,0.0068327861591059285,-0.1097479442597667,0.003728556010037742,0.07121057985757884,1965,35,45,0,24,77d2fa700ecc9b76518088ac34fbacba377d11dbf32470836c4f0ab24c9a2fa2,E11_DEEP_VS_TRADITIONAL_36,W00,neg_log10_mol_l,S3_PARENT,random_forest,MTL_FULL,MOL_RAW_CONTEXT,SECONDARY_POST_HOC_COMPLETE_FAMILY,0.9969481180061037,False
W00/S3_PARENT/xgboost/MTL_FULL_minus_MOL_RAW_CONTEXT,ESTIMABLE,40292,69,1030,False,-0.029494403890103323,0.008850171260941243,-0.07304348248664946,0.0208782858518303,0.26653102746693796,1965,35,40,0,29,77d2fa700ecc9b76518088ac34fbacba377d11dbf32470836c4f0ab24c9a2fa2,E11_DEEP_VS_TRADITIONAL_36,W00,neg_log10_mol_l,S3_PARENT,xgboost,MTL_FULL,MOL_RAW_CONTEXT,SECONDARY_POST_HOC_COMPLETE_FAMILY,1.0,False
W00/S3_PARENT/lightgbm/MTL_MOL_minus_MOL,ESTIMABLE,40292,69,1030,False,-0.0350892847922434,0.008447670454736506,-0.06776865520522858,0.0007918450974337308,0.056968463886063074,1965,35,41,0,28,77d2fa700ecc9b76518088ac34fbacba377d11dbf32470836c4f0ab24c9a2fa2,E11_DEEP_VS_TRADITIONAL_36,W00,neg_log10_mol_l,S3_PARENT,lightgbm,MTL_MOL,MOL,SECONDARY_POST_HOC_COMPLETE_FAMILY,0.8545269582909462,False
W00/S3_PARENT/random_forest/MTL_MOL_minus_MOL,ESTIMABLE,40292,69,1030,False,-0.02166673644344717,0.011189171314742391,-0.06622150434053499,0.030369593168938072,0.40183112919633773,1965,35,36,0,33,77d2fa700ecc9b76518088ac34fbacba377d11dbf32470836c4f0ab24c9a2fa2,E11_DEEP_VS_TRADITIONAL_36,W00,neg_log10_mol_l,S3_PARENT,random_forest,MTL_MOL,MOL,SECONDARY_POST_HOC_COMPLETE_FAMILY,1.0,False
W00/S3_PARENT/xgboost/MTL_MOL_minus_MOL,ESTIMABLE,40292,69,1030,False,-0.023847139363693308,-0.008028310122710408,-0.059809087838953424,0.018466493383123492,0.28382502543234994,1965,35,35,0,34,77d2fa700ecc9b76518088ac34fbacba377d11dbf32470836c4f0ab24c9a2fa2,E11_DEEP_VS_TRADITIONAL_36,W00,neg_log10_mol_l,S3_PARENT,xgboost,MTL_MOL,MOL,SECONDARY_POST_HOC_COMPLETE_FAMILY,1.0,False
M00/S1_CONDITION/lightgbm/MTL_FULL_minus_MOL_RAW_CONTEXT,ESTIMABLE,2176,16,363,False,-0.10150345313664771,-0.08156292439450487,-0.13402927635915785,-0.06721531694272694,0.0009995002498750624,2000,0,13,0,3,5418f9cdeb0f578e32dbb7c54261cad33dacd89e16a442fab4a831f5d21adc40,E11_DEEP_VS_TRADITIONAL_36,M00,neg_log10_mol_kg,S1_CONDITION,lightgbm,MTL_FULL,MOL_RAW_CONTEXT,SECONDARY_POST_HOC_COMPLETE_FAMILY,0.035982008995502246,True
M00/S1_CONDITION/random_forest/MTL_FULL_minus_MOL_RAW_CONTEXT,ESTIMABLE,2176,16,363,False,-0.08372085523507104,-0.06814949566828793,-0.1141350553804279,-0.054026008043750684,0.0009995002498750624,2000,0,14,0,2,5418f9cdeb0f578e32dbb7c54261cad33dacd89e16a442fab4a831f5d21adc40,E11_DEEP_VS_TRADITIONAL_36,M00,neg_log10_mol_kg,S1_CONDITION,random_forest,MTL_FULL,MOL_RAW_CONTEXT,SECONDARY_POST_HOC_COMPLETE_FAMILY,0.035982008995502246,True
M00/S1_CONDITION/xgboost/MTL_FULL_minus_MOL_RAW_CONTEXT,ESTIMABLE,2176,16,363,False,-0.06460939404443455,-0.05706026231879562,-0.09652430147918711,-0.03346417226450957,0.0009995002498750624,2000,0,12,0,4,5418f9cdeb0f578e32dbb7c54261cad33dacd89e16a442fab4a831f5d21adc40,E11_DEEP_VS_TRADITIONAL_36,M00,neg_log10_mol_kg,S1_CONDITION,xgboost,MTL_FULL,MOL_RAW_CONTEXT,SECONDARY_POST_HOC_COMPLETE_FAMILY,0.035982008995502246,True
M00/S1_CONDITION/lightgbm/MTL_MOL_minus_MOL,ESTIMABLE,2176,16,363,False,-0.06653782986796428,-0.04674923105549024,-0.09871227622925059,-0.034212292722334885,0.001999000499750125,2000,0,14,0,2,5418f9cdeb0f578e32dbb7c54261cad33dacd89e16a442fab4a831f5d21adc40,E11_DEEP_VS_TRADITIONAL_36,M00,neg_log10_mol_kg,S1_CONDITION,lightgbm,MTL_MOL,MOL,SECONDARY_POST_HOC_COMPLETE_FAMILY,0.03798100949525237,True
M00/S1_CONDITION/random_forest/MTL_MOL_minus_MOL,ESTIMABLE,2176,16,363,False,-0.05226508529293303,-0.04092325080299935,-0.08036430269011582,-0.025617033088563508,0.0009995002498750624,2000,0,13,0,3,5418f9cdeb0f578e32dbb7c54261cad33dacd89e16a442fab4a831f5d21adc40,E11_DEEP_VS_TRADITIONAL_36,M00,neg_log10_mol_kg,S1_CONDITION,random_forest,MTL_MOL,MOL,SECONDARY_POST_HOC_COMPLETE_FAMILY,0.035982008995502246,True
M00/S1_CONDITION/xgboost/MTL_MOL_minus_MOL,ESTIMABLE,2176,16,363,False,-0.03967420997863773,-0.03502782103952912,-0.06265705654499583,-0.017936134785251474,0.0009995002498750624,2000,0,13,0,3,5418f9cdeb0f578e32dbb7c54261cad33dacd89e16a442fab4a831f5d21adc40,E11_DEEP_VS_TRADITIONAL_36,M00,neg_log10_mol_kg,S1_CONDITION,xgboost,MTL_MOL,MOL,SECONDARY_POST_HOC_COMPLETE_FAMILY,0.035982008995502246,True
M00/S2_COMBINATION/lightgbm/MTL_FULL_minus_MOL_RAW_CONTEXT,ESTIMABLE,2176,16,344,False,-0.10821729992074913,-0.08174052322557535,-0.14674447003766386,-0.06977236851787855,0.0009995002498750624,2000,0,12,0,4,9d96620a71ca88b9ebf0ef0694a9036a86fb75d07db36d6a21de6ce6c6bcd5f8,E11_DEEP_VS_TRADITIONAL_36,M00,neg_log10_mol_kg,S2_COMBINATION,lightgbm,MTL_FULL,MOL_RAW_CONTEXT,SECONDARY_POST_HOC_COMPLETE_FAMILY,0.035982008995502246,True
M00/S2_COMBINATION/random_forest/MTL_FULL_minus_MOL_RAW_CONTEXT,ESTIMABLE,2176,16,344,False,-0.0937396672977417,-0.0719234150867753,-0.13317168642030897,-0.05550987080877264,0.0009995002498750624,2000,0,13,0,3,9d96620a71ca88b9ebf0ef0694a9036a86fb75d07db36d6a21de6ce6c6bcd5f8,E11_DEEP_VS_TRADITIONAL_36,M00,neg_log10_mol_kg,S2_COMBINATION,random_forest,MTL_FULL,MOL_RAW_CONTEXT,SECONDARY_POST_HOC_COMPLETE_FAMILY,0.035982008995502246,True
M00/S2_COMBINATION/xgboost/MTL_FULL_minus_MOL_RAW_CONTEXT,ESTIMABLE,2176,16,344,False,-0.07232049849381783,-0.056945603433887715,-0.10766622611863043,-0.03723584779960388,0.0009995002498750624,2000,0,13,0,3,9d96620a71ca88b9ebf0ef0694a9036a86fb75d07db36d6a21de6ce6c6bcd5f8,E11_DEEP_VS_TRADITIONAL_36,M00,neg_log10_mol_kg,S2_COMBINATION,xgboost,MTL_FULL,MOL_RAW_CONTEXT,SECONDARY_POST_HOC_COMPLETE_FAMILY,0.035982008995502246,True
M00/S2_COMBINATION/lightgbm/MTL_MOL_minus_MOL,ESTIMABLE,2176,16,344,False,-0.07878440317619881,-0.06361837941081307,-0.11573034075968247,-0.04354087515859579,0.0009995002498750624,2000,0,14,0,2,9d96620a71ca88b9ebf0ef0694a9036a86fb75d07db36d6a21de6ce6c6bcd5f8,E11_DEEP_VS_TRADITIONAL_36,M00,neg_log10_mol_kg,S2_COMBINATION,lightgbm,MTL_MOL,MOL,SECONDARY_POST_HOC_COMPLETE_FAMILY,0.035982008995502246,True
M00/S2_COMBINATION/random_forest/MTL_MOL_minus_MOL,ESTIMABLE,2176,16,344,False,-0.041609589736593386,-0.03863056801202832,-0.07573298589096482,-0.010414178180560675,0.010994502748625687,2000,0,12,0,4,9d96620a71ca88b9ebf0ef0694a9036a86fb75d07db36d6a21de6ce6c6bcd5f8,E11_DEEP_VS_TRADITIONAL_36,M00,neg_log10_mol_kg,S2_COMBINATION,random_forest,MTL_MOL,MOL,SECONDARY_POST_HOC_COMPLETE_FAMILY,0.19790104947526238,False
M00/S2_COMBINATION/xgboost/MTL_MOL_minus_MOL,ESTIMABLE,2176,16,344,False,-0.052796790195688025,-0.050545339281819555,-0.08371806810109356,-0.02501778196616481,0.0009995002498750624,2000,0,13,0,3,9d96620a71ca88b9ebf0ef0694a9036a86fb75d07db36d6a21de6ce6c6bcd5f8,E11_DEEP_VS_TRADITIONAL_36,M00,neg_log10_mol_kg,S2_COMBINATION,xgboost,MTL_MOL,MOL,SECONDARY_POST_HOC_COMPLETE_FAMILY,0.035982008995502246,True
M00/S3_PARENT/lightgbm/MTL_FULL_minus_MOL_RAW_CONTEXT,ESTIMABLE,2177,16,115,False,-0.08264198591820353,-0.039342414100089415,-0.1250574712819985,-0.04288988893787201,0.0009995002498750624,2000,0,13,0,3,8a21f9bd0ba4edbcb91e74f5c2920757472d7ff06f29dffaf613db14b2fa9681,E11_DEEP_VS_TRADITIONAL_36,M00,neg_log10_mol_kg,S3_PARENT,lightgbm,MTL_FULL,MOL_RAW_CONTEXT,SECONDARY_POST_HOC_COMPLETE_FAMILY,0.035982008995502246,True
M00/S3_PARENT/random_forest/MTL_FULL_minus_MOL_RAW_CONTEXT,ESTIMABLE,2177,16,115,False,-0.0441168433110129,-0.023242169273843868,-0.07996701162818642,-0.004944569887547728,0.026986506746626688,2000,0,11,0,5,8a21f9bd0ba4edbcb91e74f5c2920757472d7ff06f29dffaf613db14b2fa9681,E11_DEEP_VS_TRADITIONAL_36,M00,neg_log10_mol_kg,S3_PARENT,random_forest,MTL_FULL,MOL_RAW_CONTEXT,SECONDARY_POST_HOC_COMPLETE_FAMILY,0.431784107946027,False
M00/S3_PARENT/xgboost/MTL_FULL_minus_MOL_RAW_CONTEXT,ESTIMABLE,2177,16,115,False,-0.03853872929918656,-0.018413728947515428,-0.08838641190742161,0.026836089515262042,0.22288855572213892,2000,0,11,0,5,8a21f9bd0ba4edbcb91e74f5c2920757472d7ff06f29dffaf613db14b2fa9681,E11_DEEP_VS_TRADITIONAL_36,M00,neg_log10_mol_kg,S3_PARENT,xgboost,MTL_FULL,MOL_RAW_CONTEXT,SECONDARY_POST_HOC_COMPLETE_FAMILY,1.0,False
M00/S3_PARENT/lightgbm/MTL_MOL_minus_MOL,ESTIMABLE,2177,16,115,False,-0.04504951849733711,-0.030231491087707833,-0.08074108313894776,-0.009178384206394646,0.020989505247376312,2000,0,13,0,3,8a21f9bd0ba4edbcb91e74f5c2920757472d7ff06f29dffaf613db14b2fa9681,E11_DEEP_VS_TRADITIONAL_36,M00,neg_log10_mol_kg,S3_PARENT,lightgbm,MTL_MOL,MOL,SECONDARY_POST_HOC_COMPLETE_FAMILY,0.3568215892053973,False
M00/S3_PARENT/random_forest/MTL_MOL_minus_MOL,ESTIMABLE,2177,16,115,False,-0.012261067748953792,0.0007706025044468038,-0.050298633844197936,0.027507611019056275,0.6086956521739131,2000,0,10,0,6,8a21f9bd0ba4edbcb91e74f5c2920757472d7ff06f29dffaf613db14b2fa9681,E11_DEEP_VS_TRADITIONAL_36,M00,neg_log10_mol_kg,S3_PARENT,random_forest,MTL_MOL,MOL,SECONDARY_POST_HOC_COMPLETE_FAMILY,1.0,False
M00/S3_PARENT/xgboost/MTL_MOL_minus_MOL,ESTIMABLE,2177,16,115,False,-0.03608388987292924,-0.02235128284207685,-0.09400637749424734,0.02352676006919897,0.2518740629685157,2000,0,10,0,6,8a21f9bd0ba4edbcb91e74f5c2920757472d7ff06f29dffaf613db14b2fa9681,E11_DEEP_VS_TRADITIONAL_36,M00,neg_log10_mol_kg,S3_PARENT,xgboost,MTL_MOL,MOL,SECONDARY_POST_HOC_COMPLETE_FAMILY,1.0,False
