route,model_head,n,scaffolds,mtl_mae,stl_mae,delta,cluster_signflip_p,cluster_boot_ci_low,cluster_boot_ci_high,cluster_signflip_q_bh
W00,ACx_Physiology,13,3,0.6294546201981046,0.49564570646410266,0.13380891373400183,0.5,-0.0009234443937058412,0.2105509638263559,0.91
W00,BMDx_Development,24,1,1.2439658665116815,1.0981762445655099,0.14578962194617165,,,,
W00,ECx_Behavior,240,26,1.1613815994915369,1.1130849229317052,0.048296676559831386,0.6729065418691627,-0.13859128415855135,0.2684186876408132,0.91
W00,ECx_Biochemical,153,12,1.1454492033255157,1.4231237630380993,-0.27767455971258387,0.1748046875,-0.4344510197448315,0.026154790623042372,0.6248851102941176
W00,ECx_Development,287,31,1.0168803867610468,1.0400663402248627,-0.02318595346381573,0.5059298814023719,-0.13283905227152076,0.04234606662012718,0.91
W00,ECx_Feeding,35,10,0.9055371914639165,1.0031621211262292,-0.09762492966231254,0.07421875,-0.24592461169242502,-0.018983434110513495,0.5948481030379392
W00,ECx_GeneticDamage,28,6,1.0311882784655568,0.7632743169117501,0.2679139615538069,0.125,0.059268238645759634,0.37823049509186124,0.6248851102941176
W00,ECx_Growth,479,32,1.0779004657586566,0.9123094417040196,0.165591024054637,0.08497830043399132,-0.0023121477941633675,0.24489738028838107,0.5948481030379392
W00,ECx_Immobilization,1118,80,1.1687833534865084,1.2059152647605071,-0.03713191127399884,0.6389272214555709,-0.24118933685974142,0.16560218955287678,0.91
W00,ECx_Injury,43,13,1.2451029995086733,1.3562226019232326,-0.11111960241455933,0.189697265625,-0.289652891350898,0.03751661330645076,0.6248851102941176
W00,ECx_Molting,164,20,0.6593458735828106,0.7553591152074389,-0.09601324162462811,0.0126197476050479,-0.14426769752807406,-0.041071649880522566,0.3614501953125
W00,ECx_Morphology,35,7,0.7874794538480239,0.7928185352974542,-0.005339081449430567,0.953125,-0.10978996211387317,0.07644335626134338,0.9845603087938242
W00,ECx_Mortality,10810,152,1.0678317054619186,1.1850568526861556,-0.11722514722423691,0.05491890162196756,-0.19831724871756037,-0.016848047682240058,0.5948481030379392
W00,ECx_Physiology,492,17,1.4437161150956348,1.321900128340791,0.12181598675484391,0.365081787109375,-0.05847317798694543,0.15417925122554568,0.91
W00,ECx_Population,1820,51,1.3101732863540414,1.4751220878228113,-0.16494880146877008,0.12239755204895902,-0.2500326045957751,0.008086153755530597,0.6248851102941176
W00,ECx_Reproduction,140,15,0.7888863266201152,0.7914391834179192,-0.0025528567978040343,0.9781494140625,-0.2154392541472583,0.15345056946889293,0.9845603087938242
W00,ICx_Biochemical,117,20,1.4988421892229251,1.4358904562876247,0.06295173293530003,0.614747705045899,-0.14766843957674772,0.2200303089943856,0.91
W00,ICx_Growth,102,7,1.12020893096198,1.1434399244491258,-0.02323099348714551,0.625,-0.24385220611180367,0.2771034664103604,0.91
W00,ICx_Mortality,17,5,1.6229350945485488,1.3905157933351402,0.23241930121340837,0.1875,-0.0036598565111060177,0.4170438256398683,0.6248851102941176
W00,ICx_Physiology,158,5,1.2140088810424434,0.7682666233587099,0.44574225768373366,0.8125,-0.17257088312648294,0.5777141780059835,0.91
W00,ICx_Population,194,24,1.1064822530629161,1.1025569105333919,0.0039253425295241555,0.9845603087938242,-0.20666618898370256,0.1075382924181484,0.9845603087938242
W00,ICx_Reproduction,56,15,1.2860119001092392,1.366728614213147,-0.08071671410390799,0.58770751953125,-0.35939289584196427,0.21561542310511703,0.91
W00,LDx_Mortality,215,25,1.107180999421864,1.01900923712472,0.08817176229714392,0.14159716805663886,-0.01224253464472357,0.22533702183989301,0.6248851102941176
W00,LOEC_Accumulation,23,8,1.311155207733333,1.3001957448648278,0.010959462868505408,0.8828125,-0.36554203049260053,0.2584083914292462,0.9675480769230769
W00,LOEC_Behavior,240,30,1.1861382306010506,1.0887236422570292,0.09741458834402132,0.15575688486230274,-0.014179486516623045,0.22832760982511546,0.6248851102941176
W00,LOEC_Biochemical,898,61,1.2400714761285767,1.2071221623293096,0.0329493137992674,0.30599388012239753,-0.025230444321266855,0.12789617895718028,0.901876699308119
W00,LOEC_Development,289,42,1.1549548656776463,1.1203572940587054,0.034597571618940504,0.6365872682546349,-0.06839565679479712,0.39029446867802203,0.91
W00,LOEC_Feeding,25,8,0.7754372413572487,0.7843823011521701,-0.008945059794921448,0.8984375,-0.16272406889824878,0.095067232961129,0.9675480769230769
W00,LOEC_GeneticDamage,580,50,1.0402608391976114,1.0866921173497857,-0.04643127815217416,0.7780044399112018,-0.2011195416501561,0.056641425816097296,0.91
W00,LOEC_Growth,617,58,1.1198450635367851,1.049794010442838,0.07005105309394714,0.07745845083098338,0.0030616810774186194,0.1365626873157835,0.5948481030379392
W00,LOEC_Immobilization,38,19,1.1136653138952075,1.1162569169607288,-0.0025916030655211216,0.9805203895922081,-0.2122255988379367,0.17800259115704364,0.9845603087938242
W00,LOEC_Injury,80,10,0.9715145700356818,0.9127301076059025,0.058784462429779236,0.01953125,0.021139706145242538,0.27644476293595016,0.3645833333333333
W00,LOEC_Molting,18,10,0.9699715053251414,1.0751996650115625,-0.10522815968642135,0.623046875,-0.2827609628826339,0.10178937525525804,0.91
W00,LOEC_Morphology,109,18,1.0942706641176834,1.1190546775432932,-0.024784013425609888,0.7069244384765625,-0.23938867540032208,0.10758295389822513,0.91
W00,LOEC_Mortality,564,59,1.216254244972449,1.2863672158412942,-0.07011297086884542,0.40231195376092477,-0.1836925949267089,0.09466269495832826,0.91
W00,LOEC_Physiology,529,51,1.2904911396797072,1.2326160030062578,0.05787513667344945,0.7346453070938581,-0.16166066236775023,0.17900042561273347,0.91
W00,LOEC_Population,710,45,1.391352209559437,1.4773532765703288,-0.08600106701089173,0.5455290894182117,-0.2798916497220993,0.33570004785255386,0.91
W00,LOEC_Reproduction,350,82,1.2275758953779836,1.2631530519365555,-0.0355771565585721,0.5623287534249315,-0.1686024214544829,0.056876051198583744,0.91
W00,MATC_Growth,40,14,0.7650297537727955,0.9025486661289006,-0.13751891235610517,0.2802734375,-0.29497159360027037,0.06729914621971489,0.8719618055555556
W00,MATC_Mortality,51,17,1.0827649407837119,1.3809763155576071,-0.2982113747738952,0.012908935546875,-0.49949882830339415,-0.13115976001398458,0.3614501953125
W00,MATC_Population,10,2,0.7327339462041772,0.5914587419458154,0.14127520425836188,0.5,0.1279275384151319,0.26140419684743144,0.91
W00,MATC_Reproduction,16,7,1.1109639244893927,1.1361862048448161,-0.025222280355423454,0.78125,-0.2121220838750217,0.22697956870997102,0.91
W00,NOEC_Accumulation,12,5,1.4230071087726526,1.112681541540897,0.3103255672317558,0.4375,-0.5417402282690293,0.9090527585446244,0.91
W00,NOEC_Behavior,293,41,1.167921566306021,1.1531082190523925,0.014813347253628288,0.6721865562688746,-0.04464343566315983,0.07231175458108677,0.91
W00,NOEC_Biochemical,845,51,1.203780837961325,1.1090863976861076,0.09469444027521746,0.06503869922601548,0.008581834115657268,0.21487094488784464,0.5948481030379392
W00,NOEC_Development,412,39,1.1332134228674977,1.2002613474551238,-0.06704792458762607,0.3962920741585168,-0.17351070471638735,0.04297784225796146,0.91
W00,NOEC_Feeding,59,12,1.3699696746343517,1.4287047476347554,-0.058735073000403426,0.64111328125,-0.450417777641589,0.24798646160947233,0.91
W00,NOEC_GeneticDamage,590,39,1.0608988769046066,1.1093833734602745,-0.048484496555667944,0.5689286214275715,-0.23017223486883778,0.055295479967219736,0.91
W00,NOEC_Growth,872,65,1.1380222535125257,1.0198235580038832,0.11819869550864258,0.45559088818223636,-0.058831291886493046,0.22465833491741122,0.91
W00,NOEC_Immobilization,189,57,1.1024055299672468,1.116372198763251,-0.01396666879600417,0.8100437991240175,-0.1317529810573198,0.08820061547278651,0.91
W00,NOEC_Injury,90,10,1.0178747263361374,0.983387095691741,0.03448763064439645,0.697265625,-0.26131785426609927,0.11798751412430938,0.91
W00,NOEC_Molting,27,11,0.9871188526267659,1.0597303709129222,-0.07261151828615642,0.65234375,-0.4379949306129983,0.11805581798825601,0.91
W00,NOEC_Morphology,212,28,1.0064681784716973,0.9558066693519341,0.050661509119763234,0.7835443291134178,-0.12217201070396246,0.13835904030308863,0.91
W00,NOEC_Mortality,1250,92,1.1655039582996034,1.134506491883661,0.03099746641594227,0.6720265594688106,-0.1106029443046101,0.1424238665049149,0.91
W00,NOEC_Physiology,566,53,1.2449353435489259,1.2513890639863618,-0.0064537204374358415,0.753804923901522,-0.04986146497485232,0.06595129234739683,0.91
W00,NOEC_Population,1068,69,1.2022897918838342,1.0179520337501635,0.18433775813367054,0.16837663246735066,-0.021156782880412037,0.259433746479442,0.6248851102941176
W00,NOEC_Reproduction,439,84,1.2052256062938007,1.2746218911711165,-0.06939628487731586,0.18021639567208655,-0.16549757405219392,0.02358040118048022,0.6248851102941176
M00,ECx_Growth,184,11,1.0064160062164387,0.957330996211077,0.049085010005361626,0.3564453125,-0.03292777942897346,0.16472488547687636,0.7827289608053992
M00,ECx_Mortality,233,12,0.7396085408637495,0.6796468521479265,0.05996168871582293,0.9423828125,-0.052165361062846215,0.23317335165452652,0.9423828125
M00,ECx_Reproduction,157,8,0.9877673015048255,0.820126629873662,0.16764067163116367,0.3671875,-0.14563618807862494,0.2356817233860834,0.7827289608053992
M00,LOEC_Biochemical,133,16,0.9816655494476445,1.0280738042161035,-0.04640825476845896,0.2127685546875,-0.12490698126196888,0.030304303229539743,0.7827289608053992
M00,LOEC_GeneticDamage,26,11,1.1153727287251975,1.2280372763459069,-0.1126645476207092,0.146484375,-0.22345576137445264,0.0174277455214173,0.7827289608053992
M00,LOEC_Growth,220,25,1.1830582799464455,1.2146995586944453,-0.03164127874799939,0.6359672806543869,-0.18250873681589605,0.08122841306840438,0.7827289608053992
M00,LOEC_Mortality,43,9,1.0046011480103965,1.0687042056521685,-0.06410305764177221,0.12890625,-0.17949742328807924,0.0007464941801771549,0.7827289608053992
M00,LOEC_Physiology,34,12,1.2885027249642347,1.3154303416898276,-0.026927616725592976,0.62353515625,-0.12922582248767808,0.08145538133633423,0.7827289608053992
M00,LOEC_Population,85,16,1.122312144743753,1.190307411549189,-0.06799526680543598,0.515777587890625,-0.1630823964886406,0.11500668962381316,0.7827289608053992
M00,LOEC_Reproduction,127,18,1.1009012428829232,1.085646473493196,0.015254769389727613,0.5475616455078125,-0.04805814370515841,0.04040373337184342,0.7827289608053992
M00,NOEC_Biochemical,98,17,0.9792468508075135,1.0224018132446617,-0.04315496243714834,0.222259521484375,-0.09099606632524332,0.02105952444783982,0.7827289608053992
M00,NOEC_Growth,275,26,0.9950775432330988,0.9932274672095321,0.0018500760235665775,0.9190216195676086,-0.038627472464188274,0.04655094812904025,0.9423828125
M00,NOEC_Mortality,69,11,1.2464289352802795,1.284764304942502,-0.03833536966222257,0.47265625,-0.11480260779473338,0.06505703549999763,0.7827289608053992
M00,NOEC_Physiology,29,14,1.3747978865012467,1.3897284473602378,-0.0149305608589909,0.93017578125,-0.23352418828290372,0.13100869033712378,0.9423828125
M00,NOEC_Population,91,16,1.3395449579422898,1.3076680422465032,0.031876915695786615,0.55340576171875,-0.07616167964321097,0.09083761123951029,0.7827289608053992
M00,NOEC_Reproduction,131,18,1.2455573991630662,1.2232415544090163,0.022315844754049907,0.508544921875,-0.029848514833933082,0.13425559865953476,0.7827289608053992
