route,stratum_type,stratum,n,heads,mtl_mae,stl_mae,record_delta,task_macro_delta,task_boot_ci_low,task_boot_ci_high,wilcoxon_p
W00,toxicity_quartile,Q4_high,10652,56,1.5865078254238338,1.6484131005920168,-0.061905275168183026,0.13833339171381445,0.05520491147575504,0.23810706960842154,0.0009544538447535634
W00,toxicity_quartile,Q3,7667,55,0.9308530165244014,0.941230419492149,-0.01037740296774748,0.06734659771698555,0.0013774959643852714,0.13725249239483858,0.13586134076876885
W00,toxicity_quartile,Q2,6297,57,0.6938866462022408,0.7082146425983502,-0.014327996396109337,-0.04790970545056963,-0.08894567055541407,-0.007968758426083553,0.04155534608624437
W00,toxicity_quartile,Q1_low,4235,55,1.0673104213031015,1.132442786497536,-0.0651323651944345,-0.13432890121714036,-0.2013162446807968,-0.07093541022796955,9.12388884400504e-05
W00,similarity_band,"[0.25,0.50)",20748,57,1.1834633732176065,1.203706554061776,-0.02024318084416972,0.03554838721991418,-0.0047235406338829965,0.07677647798457234,0.08686122804981718
W00,similarity_band,"[0.50,0.75)",6127,54,1.038652336065673,1.1053054113629497,-0.06665307529727657,-0.049058303314424345,-0.10201780150075379,0.004819773337527152,0.04437978682236176
W00,similarity_band,"[0,0.25)",1723,47,0.991983896353899,1.1698020770349788,-0.17781818068107988,-0.1359404927738945,-0.2327458300839286,-0.04264605310795913,0.010013182523493924
W00,similarity_band,"[0.75,1]",253,29,1.1789964247050029,1.0614781074527846,0.11751831725221856,0.04376598333095425,-0.0943431641894516,0.19574000263517596,0.6391207613050938
W00,species_support,exact_species_seen,27741,57,1.1322564279071134,1.174133922947911,-0.04187749504079755,0.009230565662621218,-0.022348755291226704,0.04160977674118329,0.7840003358030716
W00,species_support,family_or_higher_seen,426,32,1.2735158737159509,1.1927269662437605,0.08078890747219014,0.05563060289926406,-0.04691104386683327,0.1563694871100544,0.17762435926124454
W00,species_support,genus_seen,567,36,1.3542921749152548,1.371651429665375,-0.01735925475012039,0.07018894116432446,-0.06090401003049453,0.21019733215916767,0.4696585594501812
W00,species_support,unseen_or_unknown,117,24,1.7561392094891402,1.48167157498492,0.2744676345042202,0.3030592668062015,0.09615561275928493,0.5208821539939055,0.010507822036743164
W00,species_count_band,>=50,22498,57,1.1218690661353894,1.16564410730563,-0.04377504117024092,-0.00309475629544473,-0.031799629691216656,0.02443745569121085,0.8956994180284632
W00,species_count_band,1-9,1693,46,1.1951525871167932,1.1935205523209569,0.0016320347958363552,0.06797467739931029,-0.032087454239594235,0.1685709869644973,0.24494283784835602
W00,species_count_band,10-49,3550,48,1.1680907004700043,1.2186923197905777,-0.05060161932057336,0.06743512861702416,-0.015213298940681665,0.15217539912203457,0.31046798724077007
W00,species_count_band,0,1110,43,1.3656483899911478,1.3145798401021127,0.051068549889034684,0.10340193625617053,0.0010909611139639504,0.21039174572876307,0.05505186806612983
M00,toxicity_quartile,Q3,449,16,0.45985177661599247,0.44380361924009337,0.016048157375899073,-0.006507553300440975,-0.0565265213779313,0.04048464855548334,0.979949951171875
M00,toxicity_quartile,Q4_high,734,16,1.5347835468783064,1.436503502350108,0.09828004452819841,0.018524365939629223,-0.04495987747035359,0.08449952318723009,0.899932861328125
M00,toxicity_quartile,Q1_low,363,16,1.4081152999319866,1.5105933655896737,-0.10247806565768684,-0.0760982585188481,-0.14697065697500766,-0.0012444346886490033,0.0506591796875
M00,toxicity_quartile,Q2,389,16,0.4911110559516261,0.5357706287199373,-0.04465957276831129,-0.06383231499899342,-0.13350629090583724,-0.0029875493900963926,0.104583740234375
M00,similarity_band,"[0.50,0.75)",263,16,0.5882482068814492,0.6193713035161831,-0.031123096634734067,-0.05894467965528876,-0.12251914066503344,-0.002251374482210994,0.07391357421875
M00,similarity_band,"[0,0.25)",280,16,1.1426991843805343,1.195973662182187,-0.05327447780165262,-0.08094019507907278,-0.14836590195031552,-0.01622788566567569,0.0506591796875
M00,similarity_band,"[0.25,0.50)",1392,16,1.1210686607136353,1.0866769280237927,0.03439173268984246,0.01425757622997141,-0.02266061030838295,0.05669336179642005,0.743560791015625
M00,species_support,exact_species_seen,1716,16,1.0423588698780653,1.0264618708175017,0.015896999060563365,-0.010444093100889978,-0.03896876125703782,0.021951018334722135,0.348388671875
M00,species_support,unseen_or_unknown,47,13,0.6587661294835755,0.679563596477367,-0.020797466993791543,-0.050556036118255765,-0.19469824054612564,0.11091925039134554,0.375732421875
M00,species_support,family_or_higher_seen,63,13,1.0324309436152492,1.0253697264332702,0.007061217181978963,0.003707978621365575,-0.07166155906213836,0.08167852883824361,0.892578125
M00,species_support,genus_seen,109,13,1.3807307110596552,1.3988551369020437,-0.018124425842388135,0.07886338864089269,-0.011671779370273201,0.17188928062035388,0.146484375
M00,species_count_band,>=50,1190,16,1.019343789002895,0.989299522206955,0.030044266795940047,-0.007363665884945247,-0.04672649997840888,0.03203456911311378,0.705718994140625
M00,species_count_band,1-9,211,15,1.1969216065073438,1.2047088911304553,-0.007787284623111686,-0.022070661266421706,-0.08580244397112873,0.03246683376316737,0.803955078125
M00,species_count_band,0,219,15,1.1255927170730191,1.137045624301621,-0.011452907228601986,0.01629683841474104,-0.060571815883148174,0.10314103368293662,1.0
M00,species_count_band,10-49,315,16,1.0257722311881439,1.0474557551366053,-0.021683523948461427,-0.03319445881723818,-0.08599417231732755,0.022525797837804905,0.2978515625
