route,task_percent_requested,n_tasks_selected,n_tasks_total,n_rows,n_parent_clusters,estimable_n,ci_excludes_zero_n,favors_first_n,favors_second_n,minimum_valid_replicates,minimum_delta,maximum_delta
M00,10,2,16,545,74,9,2,8,1,2000,-0.0551766389998983,0.0170529942280313
M00,25,4,16,939,98,9,6,8,1,2000,-0.1331682545399237,0.0016661105094248
M00,50,8,16,1556,109,9,6,9,0,2000,-0.1391759976761297,-0.033582133959364
M00,75,12,16,1979,115,9,8,9,0,2000,-0.1427096127257146,-0.0487862667685433
M00,90,15,16,2135,115,9,8,9,0,2000,-0.1386750637139288,-0.0525116008638506
M00,100,16,16,2177,115,9,8,9,0,2000,-0.1321532587807745,-0.0522774429383229
W00,10,7,69,23670,872,9,6,9,0,2000,-0.1738374404701633,-0.0245811125834244
W00,25,18,69,32161,946,9,7,9,0,2000,-0.1872532576954092,-0.0365940703191321
W00,50,35,69,38462,1008,9,7,9,0,2000,-0.1848007802777159,-0.028240394744497
W00,75,52,69,39705,1025,9,9,9,0,2000,-0.1903711379231296,-0.0534258983898682
W00,90,63,69,40144,1029,9,9,9,0,2000,-0.2093850071772456,-0.0697330142420963
W00,100,69,69,40292,1030,9,8,9,0,1965,-0.1865898299874365,-0.0466461677376732
