hypothesis_id,route,boundary,algorithm,contrast,status,n_full_cohort,n_locked_common,valid_replicates,invalid_replicates,point_macro_mae_difference,point_pooled_mae_difference,ci95_low,ci95_high,p_raw,p_adjusted,holm_significant_0_05
M00/S3_PARENT/lightgbm/MOL_Z_minus_MOL,M00,S3_PARENT,lightgbm,MOL_Z_minus_MOL,ESTIMABLE,2177,2177,2000,0,-0.09298237728237925,-0.11016479750183811,-0.16529681811826882,-0.026664720787170956,0.00399800099950025,0.0239880059970015,True
M00/S3_PARENT/lightgbm/MOL_Z_minus_MOL_RAW_CONTEXT,M00,S3_PARENT,lightgbm,MOL_Z_minus_MOL_RAW_CONTEXT,ESTIMABLE,2177,2177,2000,0,-0.05552903301334723,-0.0371860833197805,-0.09596257734636325,-0.018909614953077865,0.008995502248875561,0.0449775112443778,True
M00/S3_PARENT/lightgbm/Z_ONLY_minus_MOL,M00,S3_PARENT,lightgbm,Z_ONLY_minus_MOL,ESTIMABLE,2177,2177,2000,0,-0.09910337334702018,-0.11300440855761765,-0.16730753933571982,-0.0344267285745386,0.0009995002498750624,0.0179910044977511,True
M00/S3_PARENT/random_forest/MOL_Z_minus_MOL,M00,S3_PARENT,random_forest,MOL_Z_minus_MOL,ESTIMABLE,2177,2177,2000,0,-0.09812272017328444,-0.09395280571916524,-0.1617102624791616,-0.041219476135728926,0.0009995002498750624,0.0179910044977511,True
M00/S3_PARENT/random_forest/MOL_Z_minus_MOL_RAW_CONTEXT,M00,S3_PARENT,random_forest,MOL_Z_minus_MOL_RAW_CONTEXT,ESTIMABLE,2177,2177,2000,0,-0.054932684045445115,-0.03587594030301674,-0.09326326572627144,-0.014253001079810675,0.008995502248875561,0.0449775112443778,True
M00/S3_PARENT/random_forest/Z_ONLY_minus_MOL,M00,S3_PARENT,random_forest,Z_ONLY_minus_MOL,ESTIMABLE,2177,2177,2000,0,-0.09965654140243177,-0.09702740462345937,-0.16138089606290143,-0.04401699651062836,0.0009995002498750624,0.0179910044977511,True
M00/S3_PARENT/xgboost/MOL_Z_minus_MOL,M00,S3_PARENT,xgboost,MOL_Z_minus_MOL,ESTIMABLE,2177,2177,2000,0,-0.12486841520196407,-0.11975117155521763,-0.2039376583203757,-0.04881334772089183,0.0009995002498750624,0.0179910044977511,True
M00/S3_PARENT/xgboost/MOL_Z_minus_MOL_RAW_CONTEXT,M00,S3_PARENT,xgboost,MOL_Z_minus_MOL_RAW_CONTEXT,ESTIMABLE,2177,2177,2000,0,-0.052277442938322954,-0.033723980466217024,-0.10583833186328935,0.015440589492156412,0.12593703148425786,0.1342828077314344,False
M00/S3_PARENT/xgboost/Z_ONLY_minus_MOL,M00,S3_PARENT,xgboost,Z_ONLY_minus_MOL,ESTIMABLE,2177,2177,2000,0,-0.13215325878077455,-0.12679526637703425,-0.20879090708834647,-0.05991497949596586,0.0009995002498750624,0.0179910044977511,True
W00/S3_PARENT/lightgbm/MOL_Z_minus_MOL,W00,S3_PARENT,lightgbm,MOL_Z_minus_MOL,ESTIMABLE,40430,40292,1965,35,-0.1797470339606835,-0.1662519333214944,-0.21481141918685667,-0.1298224338854739,0.001017293997965412,0.0179910044977511,True
W00/S3_PARENT/lightgbm/MOL_Z_minus_MOL_RAW_CONTEXT,W00,S3_PARENT,lightgbm,MOL_Z_minus_MOL_RAW_CONTEXT,ESTIMABLE,40430,40292,1965,35,-0.046646167737673244,-0.02427562821079556,-0.08383288452314692,0.0024154558304835655,0.0671414038657172,0.1342828077314344,False
W00/S3_PARENT/lightgbm/Z_ONLY_minus_MOL,W00,S3_PARENT,lightgbm,Z_ONLY_minus_MOL,ESTIMABLE,40430,40292,1965,35,-0.18658982998743653,-0.15335859261765414,-0.22167862462059046,-0.13681759599324364,0.001017293997965412,0.0179910044977511,True
W00/S3_PARENT/random_forest/MOL_Z_minus_MOL,W00,S3_PARENT,random_forest,MOL_Z_minus_MOL,ESTIMABLE,40430,40292,1965,35,-0.17441049684764726,-0.14459181450636055,-0.22961278948404187,-0.11435421274335025,0.001017293997965412,0.0179910044977511,True
W00/S3_PARENT/random_forest/MOL_Z_minus_MOL_RAW_CONTEXT,W00,S3_PARENT,random_forest,MOL_Z_minus_MOL_RAW_CONTEXT,ESTIMABLE,40430,40292,1965,35,-0.08340131934298693,-0.019699869155193783,-0.1322635698181025,-0.03274966268392906,0.003051881993896236,0.0213631739572736,True
W00/S3_PARENT/random_forest/Z_ONLY_minus_MOL,W00,S3_PARENT,random_forest,Z_ONLY_minus_MOL,ESTIMABLE,40430,40292,1965,35,-0.17377417177406762,-0.1369415990503165,-0.2291945356453839,-0.112793272033592,0.001017293997965412,0.0179910044977511,True
W00/S3_PARENT/xgboost/MOL_Z_minus_MOL,W00,S3_PARENT,xgboost,MOL_Z_minus_MOL,ESTIMABLE,40430,40292,1965,35,-0.1704740497077085,-0.17072959490861764,-0.21874243091625586,-0.11478918546347978,0.001017293997965412,0.0179910044977511,True
W00/S3_PARENT/xgboost/MOL_Z_minus_MOL_RAW_CONTEXT,W00,S3_PARENT,xgboost,MOL_Z_minus_MOL_RAW_CONTEXT,ESTIMABLE,40430,40292,1965,35,-0.05007835695302472,-0.0246027830181628,-0.09269851433662867,-0.008057407746390773,0.023397761953204477,0.0701932858596134,False
W00/S3_PARENT/xgboost/Z_ONLY_minus_MOL,W00,S3_PARENT,xgboost,Z_ONLY_minus_MOL,ESTIMABLE,40430,40292,1965,35,-0.18317407816802847,-0.16416455192981355,-0.23233171035453148,-0.12264154958348082,0.001017293997965412,0.0179910044977511,True
