route,boundary,arm,n_locked,n_predicted,heads,parents,task_macro_mae,pooled_mae
W00,S1_CONDITION,MTL_FULL,40478,40478,99,2988,0.7278008899570051,0.6911233965880651
W00,S1_CONDITION,STL_FULL,40478,40478,99,2988,0.8649802775240338,0.7828313210483546
W00,S1_CONDITION,MTL_MOL,40478,40478,99,2988,0.8645139828557704,0.9262995084908859
W00,S1_CONDITION,STL_MOL,40478,40478,99,2988,0.9537786500661147,0.9525544204172028
W00,S1_CONDITION,E90_CONTEXT_ONLY,40478,40478,99,2988,1.0356772350397523,1.2133533024466705
W00,S1_CONDITION,E90_NO_FINGERPRINT,40478,40478,99,2988,0.8652166307863796,0.9396098949160295
W00,S1_CONDITION,E90_NO_DESCRIPTORS,40478,40478,99,2988,0.7415530592318866,0.7046375728760501
W00,S1_CONDITION,E90_SPECIES_ID_ONLY,40478,40478,99,2988,0.7295547180791299,0.7158209689867441
W00,S1_CONDITION,E90_NO_BIOLOGICAL_CONTEXT,40478,40478,99,2988,0.8043135286848975,0.85288022035597
W00,S1_CONDITION,E90_NO_DURATION,40478,40478,99,2988,0.7324543227841703,0.7049336793835426
W00,S1_CONDITION,E90_NO_EFFECT_LEVEL,40478,40478,99,2988,0.7517174076234654,0.7061960881497816
W00,S1_CONDITION,E90_NO_OTHER_CONTEXT,40478,40478,99,2988,0.7242117275770744,0.6967557676336712
W00,S2_COMBINATION,MTL_FULL,40489,40489,96,2835,0.8290562306453749,0.7134257926786455
W00,S2_COMBINATION,STL_FULL,40489,40489,96,2835,0.9477780459516727,0.8426989492270199
W00,S2_COMBINATION,MTL_MOL,40489,40489,96,2835,0.957370409538056,0.9548846403259177
W00,S2_COMBINATION,STL_MOL,40489,40489,96,2835,1.0146019840652154,0.9753998507399356
W00,S2_COMBINATION,E90_CONTEXT_ONLY,40489,40489,96,2835,1.0953378796455162,1.245234181208868
W00,S2_COMBINATION,E90_NO_FINGERPRINT,40489,40489,96,2835,0.9374051792541988,0.9606244054140125
W00,S2_COMBINATION,E90_NO_DESCRIPTORS,40489,40489,96,2835,0.846549331826771,0.724202808788053
W00,S2_COMBINATION,E90_SPECIES_ID_ONLY,40489,40489,96,2835,0.8236006589570781,0.7384161752731161
W00,S2_COMBINATION,E90_NO_BIOLOGICAL_CONTEXT,40489,40489,96,2835,0.9154880574797847,0.8724997599959419
W00,S2_COMBINATION,E90_NO_DURATION,40489,40489,96,2835,0.8344386532792042,0.7238102801878361
W00,S2_COMBINATION,E90_NO_EFFECT_LEVEL,40489,40489,96,2835,0.8385976829737203,0.7209649936393231
W00,S2_COMBINATION,E90_NO_OTHER_CONTEXT,40489,40489,96,2835,0.8296558326055884,0.7177785874093766
W00,S3_PARENT,MTL_FULL,40410,40410,92,1033,1.01731220645028,1.0375618044949684
W00,S3_PARENT,STL_FULL,40410,40410,92,1033,1.0691418638580392,1.067184161360852
W00,S3_PARENT,MTL_MOL,40410,40410,92,1033,1.1020475465857984,1.166419282331024
W00,S3_PARENT,STL_MOL,40410,40410,92,1033,1.1756004274605905,1.1893736627461569
W00,S3_PARENT,E90_CONTEXT_ONLY,40410,40410,92,1033,1.1599834643042692,1.3124478552998817
W00,S3_PARENT,E90_NO_FINGERPRINT,40410,40410,92,1033,1.0324469639962282,1.0694994784518135
W00,S3_PARENT,E90_NO_DESCRIPTORS,40410,40410,92,1033,1.0572096952807382,1.10252847048192
W00,S3_PARENT,E90_SPECIES_ID_ONLY,40410,40410,92,1033,1.0362448979345544,1.0785126261545555
W00,S3_PARENT,E90_NO_BIOLOGICAL_CONTEXT,40410,40410,92,1033,1.067252640374528,1.1297907320835496
W00,S3_PARENT,E90_NO_DURATION,40410,40410,92,1033,1.031952983747385,1.0540316106789154
W00,S3_PARENT,E90_NO_EFFECT_LEVEL,40410,40410,92,1033,1.0152845359829785,1.031646263370551
W00,S3_PARENT,E90_NO_OTHER_CONTEXT,40410,40410,92,1033,1.0120365749977653,1.0405901932725028
W00,S4_SCAFFOLD_RING_V3,MTL_FULL,28851,28851,57,518,1.1203830479848467,1.1412358420665283
W00,S4_SCAFFOLD_RING_V3,STL_FULL,28851,28851,57,518,1.1055625842364345,1.179537374060218
W00,S4_SCAFFOLD_RING_V3,MTL_MOL,28851,28851,57,518,1.25627433111966,1.2817728220836477
W00,S4_SCAFFOLD_RING_V3,STL_MOL,28851,28851,57,518,1.216707601209202,1.3090252033606202
W00,S4_SCAFFOLD_RING_V3,E90_CONTEXT_ONLY,28851,28851,57,518,1.1545136763716901,1.2762108046805047
W00,S4_SCAFFOLD_RING_V3,E90_NO_FINGERPRINT,28851,28851,57,518,1.0614705171718621,1.0676661876255227
W00,S4_SCAFFOLD_RING_V3,E90_NO_DESCRIPTORS,28851,28851,57,518,1.1397917130110464,1.1797355994662388
W00,S4_SCAFFOLD_RING_V3,E90_SPECIES_ID_ONLY,28851,28851,57,518,1.2045674254407996,1.221970990459269
W00,S4_SCAFFOLD_RING_V3,E90_NO_BIOLOGICAL_CONTEXT,28851,28851,57,518,1.1986499264831074,1.2222530132742397
W00,S4_SCAFFOLD_RING_V3,E90_NO_DURATION,28851,28851,57,518,1.1259587852994715,1.1582247180312348
W00,S4_SCAFFOLD_RING_V3,E90_NO_EFFECT_LEVEL,28851,28851,57,518,1.1388782790393397,1.174583700590593
W00,S4_SCAFFOLD_RING_V3,E90_NO_OTHER_CONTEXT,28851,28851,57,518,1.1259466756422065,1.144374926299123
M00,S1_CONDITION,MTL_FULL,2176,2176,16,363,0.6597334892915905,0.628326940472438
M00,S1_CONDITION,STL_FULL,2176,2176,16,363,0.7952895212165718,0.7484814796107924
M00,S1_CONDITION,MTL_MOL,2176,2176,16,363,0.8277136575921468,0.7956013801640052
M00,S1_CONDITION,STL_MOL,2176,2176,16,363,0.883878265592652,0.8448154063853428
M00,S1_CONDITION,E90_CONTEXT_ONLY,2176,2176,16,363,0.8728110316251972,0.8530471548542425
M00,S1_CONDITION,E90_NO_FINGERPRINT,2176,2176,16,363,0.8163909513193051,0.8005938270650748
M00,S1_CONDITION,E90_NO_DESCRIPTORS,2176,2176,16,363,0.6580284871525539,0.6280954744817091
M00,S1_CONDITION,E90_SPECIES_ID_ONLY,2176,2176,16,363,0.6805275850595576,0.6495435689038361
M00,S1_CONDITION,E90_NO_BIOLOGICAL_CONTEXT,2176,2176,16,363,0.7320166282793079,0.7050661342802209
M00,S1_CONDITION,E90_NO_DURATION,2176,2176,16,363,0.6708671904655823,0.639568759889009
M00,S1_CONDITION,E90_NO_EFFECT_LEVEL,2176,2176,16,363,0.6668337474845174,0.6378566722206607
M00,S1_CONDITION,E90_NO_OTHER_CONTEXT,2176,2176,16,363,0.6687031608185675,0.6338891593831482
M00,S2_COMBINATION,MTL_FULL,2176,2176,16,344,0.6914737366058905,0.6783649783728122
M00,S2_COMBINATION,STL_FULL,2176,2176,16,344,0.8478433158438283,0.8243175117558357
M00,S2_COMBINATION,MTL_MOL,2176,2176,16,344,0.8292043106088312,0.8168415903272614
M00,S2_COMBINATION,STL_MOL,2176,2176,16,344,0.8956761161580213,0.8807917205176359
M00,S2_COMBINATION,E90_CONTEXT_ONLY,2176,2176,16,344,0.8986685950572728,0.9213659530071208
M00,S2_COMBINATION,E90_NO_FINGERPRINT,2176,2176,16,344,0.8473650819900249,0.8677446341080035
M00,S2_COMBINATION,E90_NO_DESCRIPTORS,2176,2176,16,344,0.6840566187793089,0.6732967450509822
M00,S2_COMBINATION,E90_SPECIES_ID_ONLY,2176,2176,16,344,0.6964612791987582,0.6831644438968152
M00,S2_COMBINATION,E90_NO_BIOLOGICAL_CONTEXT,2176,2176,16,344,0.7554364217036897,0.7360505945158823
M00,S2_COMBINATION,E90_NO_DURATION,2176,2176,16,344,0.6977284304546496,0.6870085932130255
M00,S2_COMBINATION,E90_NO_EFFECT_LEVEL,2176,2176,16,344,0.6932359663504081,0.6809087631224057
M00,S2_COMBINATION,E90_NO_OTHER_CONTEXT,2176,2176,16,344,0.7111532585637974,0.6899655281096928
M00,S3_PARENT,MTL_FULL,2177,2177,16,115,0.9225125012839138,0.8914680077856555
M00,S3_PARENT,STL_FULL,2177,2177,16,115,0.989402591242436,0.9459866490779061
M00,S3_PARENT,MTL_MOL,2177,2177,16,115,0.9975583129738121,0.9735576449800944
M00,S3_PARENT,STL_MOL,2177,2177,16,115,1.0428678541715297,1.0086972818437285
M00,S3_PARENT,E90_CONTEXT_ONLY,2177,2177,16,115,1.0121483437680499,0.9569265274401821
M00,S3_PARENT,E90_NO_FINGERPRINT,2177,2177,16,115,0.9761800727946908,0.9332209511897694
M00,S3_PARENT,E90_NO_DESCRIPTORS,2177,2177,16,115,0.9217297279961677,0.8868205971825099
M00,S3_PARENT,E90_SPECIES_ID_ONLY,2177,2177,16,115,0.9545913665116633,0.9176432326677815
M00,S3_PARENT,E90_NO_BIOLOGICAL_CONTEXT,2177,2177,16,115,0.977839531453018,0.9483227888170905
M00,S3_PARENT,E90_NO_DURATION,2177,2177,16,115,0.9137435342023932,0.8903264349983654
M00,S3_PARENT,E90_NO_EFFECT_LEVEL,2177,2177,16,115,0.9282076808019883,0.898917850417402
M00,S3_PARENT,E90_NO_OTHER_CONTEXT,2177,2177,16,115,0.92624108303329,0.8982801926372661
M00,S4_SCAFFOLD_RING_V3,MTL_FULL,1935,1935,16,70,1.1069287025145689,1.0517791347543934
M00,S4_SCAFFOLD_RING_V3,STL_FULL,1935,1935,16,70,1.1130646987053723,1.0389775514443866
M00,S4_SCAFFOLD_RING_V3,MTL_MOL,1935,1935,16,70,1.2333466106788133,1.1803284851360647
M00,S4_SCAFFOLD_RING_V3,STL_MOL,1935,1935,16,70,1.2062589762755052,1.1442768001123733
M00,S4_SCAFFOLD_RING_V3,E90_CONTEXT_ONLY,1935,1935,16,70,1.1454844383591967,1.101242868634465
M00,S4_SCAFFOLD_RING_V3,E90_NO_FINGERPRINT,1935,1935,16,70,1.168800558387387,1.1195482386581364
M00,S4_SCAFFOLD_RING_V3,E90_NO_DESCRIPTORS,1935,1935,16,70,1.092811561436617,1.035077323178487
M00,S4_SCAFFOLD_RING_V3,E90_SPECIES_ID_ONLY,1935,1935,16,70,1.1578988904082541,1.091310874406241
M00,S4_SCAFFOLD_RING_V3,E90_NO_BIOLOGICAL_CONTEXT,1935,1935,16,70,1.1961930115214376,1.1340789401990414
M00,S4_SCAFFOLD_RING_V3,E90_NO_DURATION,1935,1935,16,70,1.0962554313871797,1.0428200035795345
M00,S4_SCAFFOLD_RING_V3,E90_NO_EFFECT_LEVEL,1935,1935,16,70,1.1141881385978847,1.0606273653754472
M00,S4_SCAFFOLD_RING_V3,E90_NO_OTHER_CONTEXT,1935,1935,16,70,1.1664042732481257,1.108051818574699
