family,hypothesis_id,route,boundary,arm,n_locked,heads,parents,point_macro_mae_difference,point_pooled_mae_difference,ci_low,ci_high,valid_replicates,p_raw,status,p_adjusted
PRIMARY_S1_S2,W00|S1_CONDITION|E90_CONTEXT_ONLY,W00,S1_CONDITION,E90_CONTEXT_ONLY,40478,99,2988,0.3078763450827473,0.5222299058586055,,,51,,CI_NOT_ESTIMABLE_INSUFFICIENT_VALID_REPLICATES,
PRIMARY_S1_S2,W00|S1_CONDITION|E90_NO_FINGERPRINT,W00,S1_CONDITION,E90_NO_FINGERPRINT,40478,99,2988,0.1374157408293745,0.2484864983279647,,,51,,CI_NOT_ESTIMABLE_INSUFFICIENT_VALID_REPLICATES,
PRIMARY_S1_S2,W00|S1_CONDITION|E90_NO_DESCRIPTORS,W00,S1_CONDITION,E90_NO_DESCRIPTORS,40478,99,2988,0.013752169274881518,0.013514176287984988,,,51,,CI_NOT_ESTIMABLE_INSUFFICIENT_VALID_REPLICATES,
PRIMARY_S1_S2,W00|S1_CONDITION|E90_SPECIES_ID_ONLY,W00,S1_CONDITION,E90_SPECIES_ID_ONLY,40478,99,2988,0.0017538281221248482,0.02469757239867889,,,51,,CI_NOT_ESTIMABLE_INSUFFICIENT_VALID_REPLICATES,
PRIMARY_S1_S2,W00|S1_CONDITION|E90_NO_BIOLOGICAL_CONTEXT,W00,S1_CONDITION,E90_NO_BIOLOGICAL_CONTEXT,40478,99,2988,0.07651263872789246,0.161756823767905,,,51,,CI_NOT_ESTIMABLE_INSUFFICIENT_VALID_REPLICATES,
PRIMARY_S1_S2,W00|S1_CONDITION|E90_NO_DURATION,W00,S1_CONDITION,E90_NO_DURATION,40478,99,2988,0.004653432827165201,0.013810282795477429,,,51,,CI_NOT_ESTIMABLE_INSUFFICIENT_VALID_REPLICATES,
PRIMARY_S1_S2,W00|S1_CONDITION|E90_NO_EFFECT_LEVEL,W00,S1_CONDITION,E90_NO_EFFECT_LEVEL,40478,99,2988,0.02391651766646027,0.015072691561716502,,,51,,CI_NOT_ESTIMABLE_INSUFFICIENT_VALID_REPLICATES,
PRIMARY_S1_S2,W00|S1_CONDITION|E90_NO_OTHER_CONTEXT,W00,S1_CONDITION,E90_NO_OTHER_CONTEXT,40478,99,2988,-0.003589162379930764,0.0056323710456061505,,,51,,CI_NOT_ESTIMABLE_INSUFFICIENT_VALID_REPLICATES,
W00_SUPPORT75_SECONDARY,W00|S1_CONDITION|E90_CONTEXT_ONLY|support75,W00,S1_CONDITION,E90_CONTEXT_ONLY,40398,75,2984,0.35694981713333734,0.5229183736344877,0.3136310730985884,0.40462434314203294,1988,0.001005530417295123,ESTIMABLE,0.0239880059970015
W00_SUPPORT75_SECONDARY,W00|S1_CONDITION|E90_NO_FINGERPRINT|support75,W00,S1_CONDITION,E90_NO_FINGERPRINT,40398,75,2984,0.15725884396086112,0.2489029189194503,0.13051604959905302,0.18726096177169654,1988,0.001005530417295123,ESTIMABLE,0.0239880059970015
W00_SUPPORT75_SECONDARY,W00|S1_CONDITION|E90_NO_DESCRIPTORS|support75,W00,S1_CONDITION,E90_NO_DESCRIPTORS,40398,75,2984,0.017996374898743644,0.01351728281127407,0.009477115054307735,0.02658995705178934,1988,0.001005530417295123,ESTIMABLE,0.0239880059970015
W00_SUPPORT75_SECONDARY,W00|S1_CONDITION|E90_SPECIES_ID_ONLY|support75,W00,S1_CONDITION,E90_SPECIES_ID_ONLY,40398,75,2984,0.002400639447665799,0.024728533395696296,-0.004155487326076952,0.01031776008851766,1988,0.43036701860231275,ESTIMABLE,1.0
W00_SUPPORT75_SECONDARY,W00|S1_CONDITION|E90_NO_BIOLOGICAL_CONTEXT|support75,W00,S1_CONDITION,E90_NO_BIOLOGICAL_CONTEXT,40398,75,2984,0.09897790927454644,0.16204714694928646,0.08361668642538977,0.11520631342850504,1988,0.001005530417295123,ESTIMABLE,0.0239880059970015
W00_SUPPORT75_SECONDARY,W00|S1_CONDITION|E90_NO_DURATION|support75,W00,S1_CONDITION,E90_NO_DURATION,40398,75,2984,0.009982757895606644,0.013856496103665942,0.004142983721834449,0.01660209122767637,1988,0.001005530417295123,ESTIMABLE,0.0239880059970015
W00_SUPPORT75_SECONDARY,W00|S1_CONDITION|E90_NO_EFFECT_LEVEL|support75,W00,S1_CONDITION,E90_NO_EFFECT_LEVEL,40398,75,2984,0.026959162878916008,0.015108197180055813,0.0204609302718822,0.03327306850784835,1988,0.001005530417295123,ESTIMABLE,0.0239880059970015
W00_SUPPORT75_SECONDARY,W00|S1_CONDITION|E90_NO_OTHER_CONTEXT|support75,W00,S1_CONDITION,E90_NO_OTHER_CONTEXT,40398,75,2984,0.0029151291455432908,0.005651907381586189,-0.0031695133627238858,0.009880939311051927,1988,0.32780291603821016,ESTIMABLE,1.0
PRIMARY_S1_S2,W00|S2_COMBINATION|E90_CONTEXT_ONLY,W00,S2_COMBINATION,E90_CONTEXT_ONLY,40489,96,2835,0.2662816490001412,0.5318083885302229,,,39,,CI_NOT_ESTIMABLE_INSUFFICIENT_VALID_REPLICATES,
PRIMARY_S1_S2,W00|S2_COMBINATION|E90_NO_FINGERPRINT,W00,S2_COMBINATION,E90_NO_FINGERPRINT,40489,96,2835,0.10834894860882373,0.24719861273536722,,,39,,CI_NOT_ESTIMABLE_INSUFFICIENT_VALID_REPLICATES,
PRIMARY_S1_S2,W00|S2_COMBINATION|E90_NO_DESCRIPTORS,W00,S2_COMBINATION,E90_NO_DESCRIPTORS,40489,96,2835,0.017493101181395857,0.010777016109407449,,,39,,CI_NOT_ESTIMABLE_INSUFFICIENT_VALID_REPLICATES,
PRIMARY_S1_S2,W00|S2_COMBINATION|E90_SPECIES_ID_ONLY,W00,S2_COMBINATION,E90_SPECIES_ID_ONLY,40489,96,2835,-0.00545557168829697,0.024990382594470617,,,39,,CI_NOT_ESTIMABLE_INSUFFICIENT_VALID_REPLICATES,
PRIMARY_S1_S2,W00|S2_COMBINATION|E90_NO_BIOLOGICAL_CONTEXT,W00,S2_COMBINATION,E90_NO_BIOLOGICAL_CONTEXT,40489,96,2835,0.08643182683440948,0.1590739673172964,,,39,,CI_NOT_ESTIMABLE_INSUFFICIENT_VALID_REPLICATES,
PRIMARY_S1_S2,W00|S2_COMBINATION|E90_NO_DURATION,W00,S2_COMBINATION,E90_NO_DURATION,40489,96,2835,0.0053824226338292785,0.010384487509190648,,,39,,CI_NOT_ESTIMABLE_INSUFFICIENT_VALID_REPLICATES,
PRIMARY_S1_S2,W00|S2_COMBINATION|E90_NO_EFFECT_LEVEL,W00,S2_COMBINATION,E90_NO_EFFECT_LEVEL,40489,96,2835,0.009541452328345157,0.007539200960677684,,,39,,CI_NOT_ESTIMABLE_INSUFFICIENT_VALID_REPLICATES,
PRIMARY_S1_S2,W00|S2_COMBINATION|E90_NO_OTHER_CONTEXT,W00,S2_COMBINATION,E90_NO_OTHER_CONTEXT,40489,96,2835,0.0005996019602133558,0.0043527947307311155,,,39,,CI_NOT_ESTIMABLE_INSUFFICIENT_VALID_REPLICATES,
W00_SUPPORT75_SECONDARY,W00|S2_COMBINATION|E90_CONTEXT_ONLY|support75,W00,S2_COMBINATION,E90_CONTEXT_ONLY,40322,72,2824,0.32544674503272053,0.5339395311942549,0.2741512872689177,0.3860560625538645,1993,0.0010030090270812437,ESTIMABLE,0.0239880059970015
W00_SUPPORT75_SECONDARY,W00|S2_COMBINATION|E90_NO_FINGERPRINT|support75,W00,S2_COMBINATION,E90_NO_FINGERPRINT,40322,72,2824,0.15710307902834722,0.24816558735852884,0.1242570260423594,0.19320741637154498,1993,0.0010030090270812437,ESTIMABLE,0.0239880059970015
W00_SUPPORT75_SECONDARY,W00|S2_COMBINATION|E90_NO_DESCRIPTORS|support75,W00,S2_COMBINATION,E90_NO_DESCRIPTORS,40322,72,2824,0.019510360901970097,0.010886347566602585,0.012159533834889285,0.028602886360360017,1993,0.0010030090270812437,ESTIMABLE,0.0239880059970015
W00_SUPPORT75_SECONDARY,W00|S2_COMBINATION|E90_SPECIES_ID_ONLY|support75,W00,S2_COMBINATION,E90_SPECIES_ID_ONLY,40322,72,2824,0.001812758513835111,0.025091726213591434,-0.004838750588409293,0.010708604114470503,1993,0.5075225677031093,ESTIMABLE,1.0
W00_SUPPORT75_SECONDARY,W00|S2_COMBINATION|E90_NO_BIOLOGICAL_CONTEXT|support75,W00,S2_COMBINATION,E90_NO_BIOLOGICAL_CONTEXT,40322,72,2824,0.10780800515026319,0.15963259636667554,0.090438072858573,0.1256661009399354,1993,0.0010030090270812437,ESTIMABLE,0.0239880059970015
W00_SUPPORT75_SECONDARY,W00|S2_COMBINATION|E90_NO_DURATION|support75,W00,S2_COMBINATION,E90_NO_DURATION,40322,72,2824,0.004582741491975818,0.010440351657208633,-0.001704483092478378,0.013101405889513884,1993,0.13039117352056168,ESTIMABLE,1.0
W00_SUPPORT75_SECONDARY,W00|S2_COMBINATION|E90_NO_EFFECT_LEVEL|support75,W00,S2_COMBINATION,E90_NO_EFFECT_LEVEL,40322,72,2824,0.015482577663399453,0.0076845636249455755,0.009323171624052018,0.02234823606318566,1993,0.0010030090270812437,ESTIMABLE,0.0239880059970015
W00_SUPPORT75_SECONDARY,W00|S2_COMBINATION|E90_NO_OTHER_CONTEXT|support75,W00,S2_COMBINATION,E90_NO_OTHER_CONTEXT,40322,72,2824,0.0042913111344962404,0.00440996071635221,-0.00198675976870601,0.010648776712462596,1993,0.18254764292878636,ESTIMABLE,1.0
PRESSURE_S3_S4,W00|S3_PARENT|E90_CONTEXT_ONLY,W00,S3_PARENT,E90_CONTEXT_ONLY,40410,92,1033,0.14267125785398924,0.27488605080491324,,,176,,CI_NOT_ESTIMABLE_INSUFFICIENT_VALID_REPLICATES,
PRESSURE_S3_S4,W00|S3_PARENT|E90_NO_FINGERPRINT,W00,S3_PARENT,E90_NO_FINGERPRINT,40410,92,1033,0.015134757545947994,0.03193767395684507,,,176,,CI_NOT_ESTIMABLE_INSUFFICIENT_VALID_REPLICATES,
PRESSURE_S3_S4,W00|S3_PARENT|E90_NO_DESCRIPTORS,W00,S3_PARENT,E90_NO_DESCRIPTORS,40410,92,1033,0.039897488830458405,0.0649666659869516,,,176,,CI_NOT_ESTIMABLE_INSUFFICIENT_VALID_REPLICATES,
PRESSURE_S3_S4,W00|S3_PARENT|E90_SPECIES_ID_ONLY,W00,S3_PARENT,E90_SPECIES_ID_ONLY,40410,92,1033,0.01893269148427436,0.04095082165958695,,,176,,CI_NOT_ESTIMABLE_INSUFFICIENT_VALID_REPLICATES,
PRESSURE_S3_S4,W00|S3_PARENT|E90_NO_BIOLOGICAL_CONTEXT,W00,S3_PARENT,E90_NO_BIOLOGICAL_CONTEXT,40410,92,1033,0.04994043392424786,0.09222892758858124,,,176,,CI_NOT_ESTIMABLE_INSUFFICIENT_VALID_REPLICATES,
PRESSURE_S3_S4,W00|S3_PARENT|E90_NO_DURATION,W00,S3_PARENT,E90_NO_DURATION,40410,92,1033,0.014640777297105034,0.01646980618394697,,,176,,CI_NOT_ESTIMABLE_INSUFFICIENT_VALID_REPLICATES,
PRESSURE_S3_S4,W00|S3_PARENT|E90_NO_EFFECT_LEVEL,W00,S3_PARENT,E90_NO_EFFECT_LEVEL,40410,92,1033,-0.0020276704673012555,-0.0059155411244174935,,,176,,CI_NOT_ESTIMABLE_INSUFFICIENT_VALID_REPLICATES,
PRESSURE_S3_S4,W00|S3_PARENT|E90_NO_OTHER_CONTEXT,W00,S3_PARENT,E90_NO_OTHER_CONTEXT,40410,92,1033,-0.005275631452514857,0.003028388777534322,,,176,,CI_NOT_ESTIMABLE_INSUFFICIENT_VALID_REPLICATES,
W00_SUPPORT75_SECONDARY,W00|S3_PARENT|E90_CONTEXT_ONLY|support75,W00,S3_PARENT,E90_CONTEXT_ONLY,40271,69,1030,0.16289814622399518,0.27569213314577073,0.09166465563475253,0.22884870110146072,2000,0.0009995002498750624,ESTIMABLE,0.0239880059970015
W00_SUPPORT75_SECONDARY,W00|S3_PARENT|E90_NO_FINGERPRINT|support75,W00,S3_PARENT,E90_NO_FINGERPRINT,40271,69,1030,0.03156563541169296,0.03245013562216811,-0.031242092367805917,0.07726124313977747,2000,0.3728135932033983,ESTIMABLE,1.0
W00_SUPPORT75_SECONDARY,W00|S3_PARENT|E90_NO_DESCRIPTORS|support75,W00,S3_PARENT,E90_NO_DESCRIPTORS,40271,69,1030,0.04439458090860167,0.06507481420358704,0.026167261606429893,0.06673610383501433,2000,0.0009995002498750624,ESTIMABLE,0.0239880059970015
W00_SUPPORT75_SECONDARY,W00|S3_PARENT|E90_SPECIES_ID_ONLY|support75,W00,S3_PARENT,E90_SPECIES_ID_ONLY,40271,69,1030,0.024034049896835375,0.041076188354411736,0.004527619648172124,0.040299952255601595,2000,0.01699150424787606,ESTIMABLE,0.15292353823088456
W00_SUPPORT75_SECONDARY,W00|S3_PARENT|E90_NO_BIOLOGICAL_CONTEXT|support75,W00,S3_PARENT,E90_NO_BIOLOGICAL_CONTEXT,40271,69,1030,0.07404421338363953,0.09247765032587742,0.04879474037321201,0.095622468819202,2000,0.0009995002498750624,ESTIMABLE,0.0239880059970015
W00_SUPPORT75_SECONDARY,W00|S3_PARENT|E90_NO_DURATION|support75,W00,S3_PARENT,E90_NO_DURATION,40271,69,1030,0.01795187780005556,0.01649488130364643,0.006334053946166345,0.02717801172958243,2000,0.001999000499750125,ESTIMABLE,0.0239880059970015
W00_SUPPORT75_SECONDARY,W00|S3_PARENT|E90_NO_EFFECT_LEVEL|support75,W00,S3_PARENT,E90_NO_EFFECT_LEVEL,40271,69,1030,0.00685327283860678,-0.005891569612460922,-0.004739251707685565,0.01675924539748908,2000,0.2848575712143928,ESTIMABLE,1.0
W00_SUPPORT75_SECONDARY,W00|S3_PARENT|E90_NO_OTHER_CONTEXT|support75,W00,S3_PARENT,E90_NO_OTHER_CONTEXT,40271,69,1030,-0.004564590013589536,0.0030731293047378356,-0.01595840552277175,0.0069060834179878626,2000,0.4367816091954023,ESTIMABLE,1.0
PRESSURE_S3_S4,W00|S4_SCAFFOLD_RING_V3|E90_CONTEXT_ONLY,W00,S4_SCAFFOLD_RING_V3,E90_CONTEXT_ONLY,28851,57,518,0.034130628386843026,0.13497496261397637,,,1401,,CI_NOT_ESTIMABLE_INSUFFICIENT_VALID_REPLICATES,
PRESSURE_S3_S4,W00|S4_SCAFFOLD_RING_V3|E90_NO_FINGERPRINT,W00,S4_SCAFFOLD_RING_V3,E90_NO_FINGERPRINT,28851,57,518,-0.05891253081298466,-0.07356965444100554,,,1401,,CI_NOT_ESTIMABLE_INSUFFICIENT_VALID_REPLICATES,
PRESSURE_S3_S4,W00|S4_SCAFFOLD_RING_V3|E90_NO_DESCRIPTORS,W00,S4_SCAFFOLD_RING_V3,E90_NO_DESCRIPTORS,28851,57,518,0.019408665026199638,0.038499757399710205,,,1401,,CI_NOT_ESTIMABLE_INSUFFICIENT_VALID_REPLICATES,
PRESSURE_S3_S4,W00|S4_SCAFFOLD_RING_V3|E90_SPECIES_ID_ONLY,W00,S4_SCAFFOLD_RING_V3,E90_SPECIES_ID_ONLY,28851,57,518,0.0841843774559527,0.08073514839274092,,,1401,,CI_NOT_ESTIMABLE_INSUFFICIENT_VALID_REPLICATES,
PRESSURE_S3_S4,W00|S4_SCAFFOLD_RING_V3|E90_NO_BIOLOGICAL_CONTEXT,W00,S4_SCAFFOLD_RING_V3,E90_NO_BIOLOGICAL_CONTEXT,28851,57,518,0.07826687849826044,0.08101717120771129,,,1401,,CI_NOT_ESTIMABLE_INSUFFICIENT_VALID_REPLICATES,
PRESSURE_S3_S4,W00|S4_SCAFFOLD_RING_V3|E90_NO_DURATION,W00,S4_SCAFFOLD_RING_V3,E90_NO_DURATION,28851,57,518,0.005575737314624504,0.016988875964706263,,,1401,,CI_NOT_ESTIMABLE_INSUFFICIENT_VALID_REPLICATES,
PRESSURE_S3_S4,W00|S4_SCAFFOLD_RING_V3|E90_NO_EFFECT_LEVEL,W00,S4_SCAFFOLD_RING_V3,E90_NO_EFFECT_LEVEL,28851,57,518,0.01849523105449284,0.03334785852406469,,,1401,,CI_NOT_ESTIMABLE_INSUFFICIENT_VALID_REPLICATES,
PRESSURE_S3_S4,W00|S4_SCAFFOLD_RING_V3|E90_NO_OTHER_CONTEXT,W00,S4_SCAFFOLD_RING_V3,E90_NO_OTHER_CONTEXT,28851,57,518,0.00556362765735961,0.0031390842325945533,,,1401,,CI_NOT_ESTIMABLE_INSUFFICIENT_VALID_REPLICATES,
PRIMARY_S1_S2,M00|S1_CONDITION|E90_CONTEXT_ONLY,M00,S1_CONDITION,E90_CONTEXT_ONLY,2176,16,363,0.21307754233360665,0.2247202143818046,0.1692676448930096,0.25777822570700076,2000,0.0009995002498750624,ESTIMABLE,0.031984007996002
PRIMARY_S1_S2,M00|S1_CONDITION|E90_NO_FINGERPRINT,M00,S1_CONDITION,E90_NO_FINGERPRINT,2176,16,363,0.15665746202771444,0.17226688659263686,0.11875789678574171,0.19431819334848496,2000,0.0009995002498750624,ESTIMABLE,0.031984007996002
PRIMARY_S1_S2,M00|S1_CONDITION|E90_NO_DESCRIPTORS,M00,S1_CONDITION,E90_NO_DESCRIPTORS,2176,16,363,-0.001705002139036653,-0.0002314659907288846,-0.006495054156834483,0.002844712525226996,2000,0.45977011494252873,ESTIMABLE,1.0
PRIMARY_S1_S2,M00|S1_CONDITION|E90_SPECIES_ID_ONLY,M00,S1_CONDITION,E90_SPECIES_ID_ONLY,2176,16,363,0.020794095767966994,0.021216628431398096,0.006623822916739972,0.0363528878975002,2000,0.00399800099950025,ESTIMABLE,0.09995002498750624
PRIMARY_S1_S2,M00|S1_CONDITION|E90_NO_BIOLOGICAL_CONTEXT,M00,S1_CONDITION,E90_NO_BIOLOGICAL_CONTEXT,2176,16,363,0.07228313898771738,0.07673919380778293,0.04754879047451404,0.09681838457326729,2000,0.0009995002498750624,ESTIMABLE,0.031984007996002
PRIMARY_S1_S2,M00|S1_CONDITION|E90_NO_DURATION,M00,S1_CONDITION,E90_NO_DURATION,2176,16,363,0.01113370117399169,0.011241819416571085,0.0021563832315758596,0.01939402338492394,2000,0.022988505747126436,ESTIMABLE,0.5517241379310345
PRIMARY_S1_S2,M00|S1_CONDITION|E90_NO_EFFECT_LEVEL,M00,S1_CONDITION,E90_NO_EFFECT_LEVEL,2176,16,363,0.007100258192926832,0.009529731748222725,0.0006396183846844908,0.01254121476379462,2000,0.03398300849575212,ESTIMABLE,0.7816091954022988
PRIMARY_S1_S2,M00|S1_CONDITION|E90_NO_OTHER_CONTEXT,M00,S1_CONDITION,E90_NO_OTHER_CONTEXT,2176,16,363,0.008969671526976957,0.005562218910710117,-0.002335446223876236,0.02018230484283017,2000,0.12393803098450774,ESTIMABLE,1.0
PRIMARY_S1_S2,M00|S2_COMBINATION|E90_CONTEXT_ONLY,M00,S2_COMBINATION,E90_CONTEXT_ONLY,2176,16,344,0.2071948584513823,0.24300097463430845,0.15630500848285364,0.2593890668025836,2000,0.0009995002498750624,ESTIMABLE,0.031984007996002
PRIMARY_S1_S2,M00|S2_COMBINATION|E90_NO_FINGERPRINT,M00,S2_COMBINATION,E90_NO_FINGERPRINT,2176,16,344,0.1558913453841345,0.18937965573519122,0.11201780884267787,0.19939892430068146,2000,0.0009995002498750624,ESTIMABLE,0.031984007996002
PRIMARY_S1_S2,M00|S2_COMBINATION|E90_NO_DESCRIPTORS,M00,S2_COMBINATION,E90_NO_DESCRIPTORS,2176,16,344,-0.0074171178265816495,-0.005068233321830141,-0.014348333105306407,-0.0002816348154411745,2000,0.04697651174412794,ESTIMABLE,1.0
PRIMARY_S1_S2,M00|S2_COMBINATION|E90_SPECIES_ID_ONLY,M00,S2_COMBINATION,E90_SPECIES_ID_ONLY,2176,16,344,0.004987542592867742,0.004799465524002934,-0.013239594152485164,0.023201911739183925,2000,0.5797101449275363,ESTIMABLE,1.0
PRIMARY_S1_S2,M00|S2_COMBINATION|E90_NO_BIOLOGICAL_CONTEXT,M00,S2_COMBINATION,E90_NO_BIOLOGICAL_CONTEXT,2176,16,344,0.06396268509779932,0.05768561614307008,0.028615512783920473,0.0988458050195434,2000,0.0009995002498750624,ESTIMABLE,0.031984007996002
PRIMARY_S1_S2,M00|S2_COMBINATION|E90_NO_DURATION,M00,S2_COMBINATION,E90_NO_DURATION,2176,16,344,0.006254693848759108,0.008643614840213311,-0.007251756609017193,0.019976120825970948,2000,0.3188405797101449,ESTIMABLE,1.0
PRIMARY_S1_S2,M00|S2_COMBINATION|E90_NO_EFFECT_LEVEL,M00,S2_COMBINATION,E90_NO_EFFECT_LEVEL,2176,16,344,0.001762229744517516,0.002543784749593305,-0.0036143619262041316,0.007035769753612058,2000,0.545727136431784,ESTIMABLE,1.0
PRIMARY_S1_S2,M00|S2_COMBINATION|E90_NO_OTHER_CONTEXT,M00,S2_COMBINATION,E90_NO_OTHER_CONTEXT,2176,16,344,0.019679521957906884,0.011600549736880442,0.008027248133322801,0.03287094391107277,2000,0.0009995002498750624,ESTIMABLE,0.031984007996002
PRESSURE_S3_S4,M00|S3_PARENT|E90_CONTEXT_ONLY,M00,S3_PARENT,E90_CONTEXT_ONLY,2177,16,115,0.0896358424841362,0.06545851965452677,0.020231524905871066,0.20084041321314128,2000,0.0079960019990005,ESTIMABLE,0.191904047976012
PRESSURE_S3_S4,M00|S3_PARENT|E90_NO_FINGERPRINT,M00,S3_PARENT,E90_NO_FINGERPRINT,2177,16,115,0.0536675715107771,0.041752943404113875,0.023250533249379382,0.0939406709719034,2000,0.0009995002498750624,ESTIMABLE,0.031984007996002
PRESSURE_S3_S4,M00|S3_PARENT|E90_NO_DESCRIPTORS,M00,S3_PARENT,E90_NO_DESCRIPTORS,2177,16,115,-0.000782773287746038,-0.004647410603145494,-0.027789338962468626,0.021412065965648083,2000,0.9565217391304348,ESTIMABLE,1.0
PRESSURE_S3_S4,M00|S3_PARENT|E90_SPECIES_ID_ONLY,M00,S3_PARENT,E90_SPECIES_ID_ONLY,2177,16,115,0.03207886522774957,0.026175224882126102,0.012121478275436161,0.057250818924210314,2000,0.00399800099950025,ESTIMABLE,0.10394802598700649
PRESSURE_S3_S4,M00|S3_PARENT|E90_NO_BIOLOGICAL_CONTEXT,M00,S3_PARENT,E90_NO_BIOLOGICAL_CONTEXT,2177,16,115,0.05532703016910426,0.056854781031435216,0.02944054896270482,0.07835658571640665,2000,0.0009995002498750624,ESTIMABLE,0.031984007996002
PRESSURE_S3_S4,M00|S3_PARENT|E90_NO_DURATION,M00,S3_PARENT,E90_NO_DURATION,2177,16,115,-0.008768967081520541,-0.0011415727872901326,-0.02212361132471997,0.003990725541397336,2000,0.20689655172413793,ESTIMABLE,1.0
PRESSURE_S3_S4,M00|S3_PARENT|E90_NO_EFFECT_LEVEL,M00,S3_PARENT,E90_NO_EFFECT_LEVEL,2177,16,115,0.0056951795180745675,0.007449842631746639,-0.00286878312387028,0.01115023244199523,2000,0.1549225387306347,ESTIMABLE,1.0
PRESSURE_S3_S4,M00|S3_PARENT|E90_NO_OTHER_CONTEXT,M00,S3_PARENT,E90_NO_OTHER_CONTEXT,2177,16,115,0.0037285817493761973,0.006812184851610637,-0.018601690648375354,0.021916008602401473,2000,0.8245877061469266,ESTIMABLE,1.0
PRESSURE_S3_S4,M00|S4_SCAFFOLD_RING_V3|E90_CONTEXT_ONLY,M00,S4_SCAFFOLD_RING_V3,E90_CONTEXT_ONLY,1935,16,70,0.03855573584462764,0.04946373388007182,0.010959904800074768,0.07455424444753175,2000,0.0069965017491254375,ESTIMABLE,0.17491254372813594
PRESSURE_S3_S4,M00|S4_SCAFFOLD_RING_V3|E90_NO_FINGERPRINT,M00,S4_SCAFFOLD_RING_V3,E90_NO_FINGERPRINT,1935,16,70,0.06187185587281788,0.0677691039037428,0.028469071877144193,0.10410609090574706,2000,0.0009995002498750624,ESTIMABLE,0.031984007996002
PRESSURE_S3_S4,M00|S4_SCAFFOLD_RING_V3|E90_NO_DESCRIPTORS,M00,S4_SCAFFOLD_RING_V3,E90_NO_DESCRIPTORS,1935,16,70,-0.01411714107795212,-0.016701811575906254,-0.04128422062050329,0.013144533594989046,2000,0.2518740629685157,ESTIMABLE,1.0
PRESSURE_S3_S4,M00|S4_SCAFFOLD_RING_V3|E90_SPECIES_ID_ONLY,M00,S4_SCAFFOLD_RING_V3,E90_SPECIES_ID_ONLY,1935,16,70,0.05097018789368517,0.039531739651847475,0.025538012419345415,0.07227947979084667,2000,0.001999000499750125,ESTIMABLE,0.05397301349325337
PRESSURE_S3_S4,M00|S4_SCAFFOLD_RING_V3|E90_NO_BIOLOGICAL_CONTEXT,M00,S4_SCAFFOLD_RING_V3,E90_NO_BIOLOGICAL_CONTEXT,1935,16,70,0.08926430900686866,0.08229980544464799,0.05157582695247826,0.12006358506804295,2000,0.0009995002498750624,ESTIMABLE,0.031984007996002
PRESSURE_S3_S4,M00|S4_SCAFFOLD_RING_V3|E90_NO_DURATION,M00,S4_SCAFFOLD_RING_V3,E90_NO_DURATION,1935,16,70,-0.010673271127389205,-0.008959131174858794,-0.03560039872182404,0.017104998803357998,2000,0.5297351324337831,ESTIMABLE,1.0
PRESSURE_S3_S4,M00|S4_SCAFFOLD_RING_V3|E90_NO_EFFECT_LEVEL,M00,S4_SCAFFOLD_RING_V3,E90_NO_EFFECT_LEVEL,1935,16,70,0.007259436083315604,0.008848230621053728,0.0016437010626113295,0.013860982292072353,2000,0.014992503748125937,ESTIMABLE,0.3448275862068966
PRESSURE_S3_S4,M00|S4_SCAFFOLD_RING_V3|E90_NO_OTHER_CONTEXT,M00,S4_SCAFFOLD_RING_V3,E90_NO_OTHER_CONTEXT,1935,16,70,0.059475570733556866,0.05627268382030574,0.034207644521482596,0.08669943207301388,2000,0.0009995002498750624,ESTIMABLE,0.031984007996002
